mes,año,distrito,suma_residuos
ENERO,2022,CENTRO ,272.88
ENERO,2022,TETUÁN,244.28
ENERO,2022,CHAMBERÍ,543.4
ENERO,2022,ARGANZUELA,294.6
ENERO,2022,RETIRO,342.83
ENERO,2022,SALAMANCA,667.792
ENERO,2022,CHAMARTÍN,174.66
ENERO,2022,FUENCARRAL,0.0
ENERO,2022,MONCLOA,0.0
ENERO,2022,LATINA,0.0
ENERO,2022,CIUDAD LINEAL,29.633
ENERO,2022,HORTALEZA,61.59
ENERO,2022,SAN BLAS,45.396
ENERO,2022,BARAJAS,39.352000000000004
ENERO,2022,PUENTE DE VALLECAS,7.182
ENERO,2022,VILLA DE VALLECAS,3.588
ENERO,2022,MORATALAZ,7.318
ENERO,2022,VICÁLVARO,551.392
ENERO,2022,CARABANCHEL,1207.735
ENERO,2022,USERA,705.312
ENERO,2022,VILLAVERDE,659.301
FEBRERO,2022,CENTRO ,8.68
FEBRERO,2022,TETUÁN,165.8
FEBRERO,2022,CHAMBERÍ,366.44
FEBRERO,2022,ARGANZUELA,450.47999999999996
FEBRERO,2022,RETIRO,396.36
FEBRERO,2022,SALAMANCA,785.038
FEBRERO,2022,CHAMARTÍN,451.23
FEBRERO,2022,FUENCARRAL,408.16
FEBRERO,2022,MONCLOA,1.04
FEBRERO,2022,LATINA,584.1
FEBRERO,2022,CIUDAD LINEAL,23.655
FEBRERO,2022,HORTALEZA,55.195
FEBRERO,2022,SAN BLAS,44.55
FEBRERO,2022,BARAJAS,34.3
FEBRERO,2022,PUENTE DE VALLECAS ,2.12
FEBRERO,2022,VILLA DE VALLECAS ,1.62
FEBRERO,2022,MORATALAZ,1.56
FEBRERO,2022,VICÁLVARO,1.28
FEBRERO,2022,CARABANCHEL,503.356
FEBRERO,2022,USERA,314.598
FEBRERO,2022,VILLAVERDE,440.436
MARZO,2022,CENTRO ,14.28
MARZO,2022,TETUÁN,264.04
MARZO,2022,CHAMBERÍ,5.04
MARZO,2022,ARGANZUELA,656.39
MARZO,2022,RETIRO,683.77
MARZO,2022,SALAMANCA,837.12
MARZO,2022,CHAMARTÍN,1455.222
MARZO,2022,FUENCARRAL,894.26
MARZO,2022,MONCLOA,828.11
MARZO,2022,LATINA,10.26
MARZO,2022,CIUDAD LINEAL,38.491
MARZO,2022,HORTALEZA,72.383
MARZO,2022,SAN BLAS,59.199
MARZO,2022,BARAJAS,45.307
MARZO,2022,PUENTE DE VALLECAS ,489.062
MARZO,2022,VILLA DE VALLECAS ,777.78
MARZO,2022,MORATALAZ,558.375
MARZO,2022,VICÁLVARO,514.88
MARZO,2022,CARABANCHEL,727.59
MARZO,2022,USERA,373.088
MARZO,2022,VILLAVERDE,466.392
ABRIL,2022,CENTRO ,12.1
ABRIL,2022,TETUÁN,185.46
ABRIL,2022,CHAMBERÍ,583.26
ABRIL,2022,ARGANZUELA,320.97999999999996
ABRIL,2022,RETIRO,273.34
ABRIL,2022,SALAMANCA,457.57
ABRIL,2022,CHAMARTÍN,293.54
ABRIL,2022,FUENCARRAL,906.74
ABRIL,2022,MONCLOA,830.46
ABRIL,2022,LATINA,43.1
ABRIL,2022,CIUDAD LINEAL,243.8
ABRIL,2022,HORTALEZA,344.33000000000004
ABRIL,2022,SAN BLAS,248.11499999999998
ABRIL,2022,BARAJAS,167.575
ABRIL,2022,PUENTE DE VALLECAS ,351.942
ABRIL,2022,VILLA DE VALLECAS ,155.118
ABRIL,2022,MORATALAZ,403.648
ABRIL,2022,VICÁLVARO,103.412
ABRIL,2022,CARABANCHEL,511.904
ABRIL,2022,USERA,319.94
ABRIL,2022,VILLAVERDE,447.916
MAYO,2022,CENTRO ,20.02
MAYO,2022,TETUÁN,364.78000000000003
MAYO,2022,CHAMBERÍ,1224.3
MAYO,2022,ARGANZUELA,337.1
MAYO,2022,RETIRO,314.25
MAYO,2022,SALAMANCA,595.88
MAYO,2022,CHAMARTÍN,318.88
MAYO,2022,FUENCARRAL,638.92
MAYO,2022,MONCLOA,570.64
MAYO,2022,LATINA,64.96000000000001
MAYO,2022,CIUDAD LINEAL,262.50100000000003
MAYO,2022,HORTALEZA,369.52
MAYO,2022,SAN BLAS,265.384
MAYO,2022,BARAJAS,178.36599999999999
MAYO,2022,PUENTE DE VALLECAS ,400.822
MAYO,2022,VILLA DE VALLECAS ,154.03799999999998
MAYO,2022,MORATALAZ,301.46799999999996
MAYO,2022,VICÁLVARO,121.332
MAYO,2022,CARABANCHEL,384.207
MAYO,2022,USERA,204.253
MAYO,2022,VILLAVERDE,297.5
JUNIO,2022,CENTRO ,129.98000000000002
JUNIO,2022,TETUÁN,253.29999999999998
JUNIO,2022,CHAMBERÍ,521.8199999999999
JUNIO,2022,ARGANZUELA,319.90000000000003
JUNIO,2022,RETIRO,282.86
JUNIO,2022,SALAMANCA,30.139999999999997
JUNIO,2022,CHAMARTÍN,115.5
JUNIO,2022,FUENCARRAL,450.93999999999994
JUNIO,2022,MONCLOA,356.04
JUNIO,2022,LATINA,138.2
JUNIO,2022,CIUDAD LINEAL,230.78
JUNIO,2022,HORTALEZA,348.21500000000003
JUNIO,2022,SAN BLAS,266.65999999999997
JUNIO,2022,BARAJAS,169.245
JUNIO,2022,PUENTE DE VALLECAS ,364.01300000000003
JUNIO,2022,VILLA DE VALLECAS ,155.722
JUNIO,2022,MORATALAZ,194.868
JUNIO,2022,VICÁLVARO,97.057
JUNIO,2022,CARABANCHEL,301.611
JUNIO,2022,USERA,188.507
JUNIO,2022,VILLAVERDE,263.91
JULIO,2022,CENTRO ,641.6999999999999
JULIO,2022,TETUÁN,805.72
JULIO,2022,CHAMBERÍ,425.15999999999997
JULIO,2022,ARGANZUELA,1253.4
JULIO,2022,RETIRO,229.22
JULIO,2022,SALAMANCA,124.58000000000001
JULIO,2022,CHAMARTÍN,237.94
JULIO,2022,FUENCARRAL,187.5
JULIO,2022,MONCLOA,609.2600000000001
JULIO,2022,LATINA,595.72
JULIO,2022,CIUDAD LINEAL,250.742
JULIO,2022,HORTALEZA,339.853
JULIO,2022,SAN BLAS,252.20700000000002
JULIO,2022,BARAJAS,171.79799999999997
JULIO,2022,PUENTE DE VALLECAS ,80.131
JULIO,2022,VILLA DE VALLECAS ,33.638999999999996
JULIO,2022,MORATALAZ,89.704
JULIO,2022,VICÁLVARO,22.426
JULIO,2022,CARABANCHEL,254.656
JULIO,2022,USERA,159.16000000000003
JULIO,2022,VILLAVERDE,222.824
AGOSTO,2022,CENTRO ,529.64
AGOSTO,2022,TETUÁN,476.84000000000003
AGOSTO,2022,CHAMBERÍ,475.6
AGOSTO,2022,ARGANZUELA,35.4
AGOSTO,2022,RETIRO,168.79999999999998
AGOSTO,2022,SALAMANCA,58.38
AGOSTO,2022,CHAMARTÍN,134.28
AGOSTO,2022,FUENCARRAL,175.42000000000002
AGOSTO,2022,MONCLOA,115.94000000000001
AGOSTO,2022,LATINA,163.28
AGOSTO,2022,CIUDAD LINEAL,132.653
AGOSTO,2022,HORTALEZA,209.702
AGOSTO,2022,SAN BLAS,161.207
AGOSTO,2022,BARAJAS,104.158
AGOSTO,2022,PUENTE DE VALLECAS ,86.443
AGOSTO,2022,VILLA DE VALLECAS ,38.187
AGOSTO,2022,MORATALAZ,98.792
AGOSTO,2022,VICÁLVARO,24.698
AGOSTO,2022,CARABANCHEL,290.28799999999995
AGOSTO,2022,USERA,181.43
AGOSTO,2022,VILLAVERDE,254.002
SEPTIEMBRE,2022,CENTRO ,570.46
SEPTIEMBRE,2022,TETUÁN,506.04
SEPTIEMBRE,2022,CHAMBERÍ,568.12
SEPTIEMBRE,2022,ARGANZUELA,188.75999999999996
SEPTIEMBRE,2022,RETIRO,1043.82
SEPTIEMBRE,2022,SALAMANCA,126.78
SEPTIEMBRE,2022,CHAMARTÍN,78.36
SEPTIEMBRE,2022,FUENCARRAL,917.12
SEPTIEMBRE,2022,MONCLOA,503.44
SEPTIEMBRE,2022,LATINA,1079.5700000000002
SEPTIEMBRE,2022,CIUDAD LINEAL,256.584
SEPTIEMBRE,2022,HORTALEZA,374.185
SEPTIEMBRE,2022,SAN BLAS,277.966
SEPTIEMBRE,2022,BARAJAS,160.365
SEPTIEMBRE,2022,PUENTE DE VALLECAS ,682.981
SEPTIEMBRE,2022,VILLA DE VALLECAS ,298.421
SEPTIEMBRE,2022,MORATALAZ,769.12
SEPTIEMBRE,2022,VICÁLVARO,192.28
SEPTIEMBRE,2022,CARABANCHEL,238.616
SEPTIEMBRE,2022,USERA,149.158
SEPTIEMBRE,2022,VILLAVERDE,208.796
OCTUBRE,2022,CENTRO ,694.83
OCTUBRE,2022,TETUÁN,581.9399999999999
OCTUBRE,2022,CHAMBERÍ,737.26
OCTUBRE,2022,ARGANZUELA,234.54000000000002
OCTUBRE,2022,RETIRO,227.26
OCTUBRE,2022,SALAMANCA,883.44
OCTUBRE,2022,CHAMARTÍN,190.32
OCTUBRE,2022,FUENCARRAL,484.609
OCTUBRE,2022,MONCLOA,180.76
OCTUBRE,2022,LATINA,159.2
OCTUBRE,2022,CIUDAD LINEAL,230.772
OCTUBRE,2022,HORTALEZA,337.126
OCTUBRE,2022,SAN BLAS,250.836
OCTUBRE,2022,BARAJAS,144.48199999999997
OCTUBRE,2022,PUENTE DE VALLECAS ,552.804
OCTUBRE,2022,VILLA DE VALLECAS ,233.90200000000002
OCTUBRE,2022,MORATALAZ,594.033
OCTUBRE,2022,VICÁLVARO,153.385
OCTUBRE,2022,CARABANCHEL,1277.745
OCTUBRE,2022,USERA,818.037
OCTUBRE,2022,VILLAVERDE,1128.498
NOVIEMBRE,2022,CENTRO ,648.3000000000001
NOVIEMBRE,2022,TETUÁN,610.8000000000001
NOVIEMBRE,2022,CHAMBERÍ,680.08
NOVIEMBRE,2022,ARGANZUELA,290.54
NOVIEMBRE,2022,RETIRO,830.59
NOVIEMBRE,2022,SALAMANCA,43.1
NOVIEMBRE,2022,CHAMARTÍN,137.64
NOVIEMBRE,2022,FUENCARRAL,311.519
NOVIEMBRE,2022,MONCLOA,297.29999999999995
NOVIEMBRE,2022,LATINA,258.02000000000004
NOVIEMBRE,2022,CIUDAD LINEAL,227.533
NOVIEMBRE,2022,HORTALEZA,331.527
NOVIEMBRE,2022,SAN BLAS,246.077
NOVIEMBRE,2022,BARAJAS,142.083
NOVIEMBRE,2022,PUENTE DE VALLECAS ,1125.55
NOVIEMBRE,2022,VILLA DE VALLECAS ,517.794
NOVIEMBRE,2022,MORATALAZ,194.461
NOVIEMBRE,2022,VICÁLVARO,318.75300000000004
NOVIEMBRE,2022,CARABANCHEL,1277.745
NOVIEMBRE,2022,USERA,818.037
NOVIEMBRE,2022,VILLAVERDE,1128.498
DICIEMBRE,2022,CENTRO ,736.78
DICIEMBRE,2022,TETUÁN,760.18
DICIEMBRE,2022,CHAMBERÍ,669.9019999999999
DICIEMBRE,2022,ARGANZUELA,331.01000000000005
DICIEMBRE,2022,RETIRO,924.349
DICIEMBRE,2022,SALAMANCA,72.48
DICIEMBRE,2022,CHAMARTÍN,259.11
DICIEMBRE,2022,FUENCARRAL,778.84
DICIEMBRE,2022,MONCLOA,352.55899999999997
DICIEMBRE,2022,LATINA,867.34
DICIEMBRE,2022,CIUDAD LINEAL,259.36
DICIEMBRE,2022,HORTALEZA,386.15
DICIEMBRE,2022,SAN BLAS,295.14
DICIEMBRE,2022,BARAJAS,168.35000000000002
DICIEMBRE,2022,PUENTE DE VALLECAS ,1257.55
DICIEMBRE,2022,VILLA DE VALLECAS ,601.8910000000001
DICIEMBRE,2022,MORATALAZ,258.013
DICIEMBRE,2022,VICÁLVARO,354.265
DICIEMBRE,2022,CARABANCHEL,480.19599999999997
DICIEMBRE,2022,USERA,284.071
DICIEMBRE,2022,VILLAVERDE,327.54299999999995
ENERO,2023,CENTRO ,600.7399999999999
ENERO,2023,TETUÁN,640.5
ENERO,2023,CHAMBERÍ,616.42
ENERO,2023,ARGANZUELA,190.14000000000001
ENERO,2023,RETIRO,104.16799999999999
ENERO,2023,SALAMANCA,364.14
ENERO,2023,CHAMARTÍN,107.17999999999999
ENERO,2023,FUENCARRAL,200.12900000000002
ENERO,2023,MONCLOA,163.23999999999998
ENERO,2023,LATINA,863.48
ENERO,2023,CIUDAD LINEAL,218.45999999999998
ENERO,2023,HORTALEZA,349.536
ENERO,2023,SAN BLAS,174.768
ENERO,2023,BARAJAS,131.07600000000002
ENERO,2023,PUENTE DE VALLECAS,190.49699999999999
ENERO,2023,VILLA DE VALLECAS,81.315
ENERO,2023,MORATALAZ,846.987
ENERO,2023,VICÁLVARO,555.7660000000001
ENERO,2023,CARABANCHEL,262.665
ENERO,2023,USERA,155.529
ENERO,2023,VILLAVERDE,179.226
FEBRERO,2023,CENTRO ,558.16
FEBRERO,2023,TETUÁN,474.02
FEBRERO,2023,CHAMBERÍ,411.58000000000004
FEBRERO,2023,ARGANZUELA,129.12
FEBRERO,2023,RETIRO,1047.62
FEBRERO,2023,SALAMANCA,642.16
FEBRERO,2023,CHAMARTÍN,120.8
FEBRERO,2023,FUENCARRAL,160.4
FEBRERO,2023,MONCLOA,90.24000000000001
FEBRERO,2023,LATINA,102.6
FEBRERO,2023,CIUDAD LINEAL,170.54399999999998
FEBRERO,2023,HORTALEZA,198.969
FEBRERO,2023,SAN BLAS,113.696
FEBRERO,2023,BARAJAS,1026.3310000000001
FEBRERO,2023,PUENTE DE VALLECAS ,1168.543
FEBRERO,2023,VILLA DE VALLECAS ,712.1919999999999
FEBRERO,2023,MORATALAZ,812.947
FEBRERO,2023,VICÁLVARO,299.298
FEBRERO,2023,CARABANCHEL,289.08
FEBRERO,2023,USERA,179.62800000000001
FEBRERO,2023,VILLAVERDE,247.012
MARZO,2023,CENTRO ,641.66
MARZO,2023,TETUÁN,445.71999999999997
MARZO,2023,CHAMBERÍ,463.06
MARZO,2023,ARGANZUELA,173.268
MARZO,2023,RETIRO,193.84
MARZO,2023,SALAMANCA,929.81
MARZO,2023,CHAMARTÍN,90.02
MARZO,2023,FUENCARRAL,385.26000000000005
MARZO,2023,MONCLOA,132.62
MARZO,2023,LATINA,911.58
MARZO,2023,CIUDAD LINEAL,221.666
MARZO,2023,HORTALEZA,255.27700000000002
MARZO,2023,SAN BLAS,183.055
MARZO,2023,BARAJAS,72.22200000000001
MARZO,2023,PUENTE DE VALLECAS ,768.177
MARZO,2023,VILLA DE VALLECAS ,856.4879999999999
MARZO,2023,MORATALAZ,324.933
MARZO,2023,VICÁLVARO,216.62199999999999
MARZO,2023,CARABANCHEL,279.37
MARZO,2023,USERA,165.718
MARZO,2023,VILLAVERDE,190.752
ABRIL,2023,CENTRO ,591.72
ABRIL,2023,TETUÁN,700.7
ABRIL,2023,CHAMBERÍ,488.72
ABRIL,2023,ARGANZUELA,186.45999999999998
ABRIL,2023,RETIRO,978.84
ABRIL,2023,SALAMANCA,599.36
ABRIL,2023,CHAMARTÍN,190.24
ABRIL,2023,FUENCARRAL,464.29
ABRIL,2023,MONCLOA,766.24
ABRIL,2023,LATINA,793.0400000000001
ABRIL,2023,CIUDAD LINEAL,251.594
ABRIL,2023,HORTALEZA,295.19300000000004
ABRIL,2023,SAN BLAS,207.99499999999998
ABRIL,2023,BARAJAS,77.198
ABRIL,2023,PUENTE DE VALLECAS ,327.496
ABRIL,2023,VILLA DE VALLECAS ,258.523
ABRIL,2023,MORATALAZ,117.388
ABRIL,2023,VICÁLVARO,78.361
ABRIL,2023,CARABANCHEL,277.712
ABRIL,2023,USERA,163.785
ABRIL,2023,VILLAVERDE,189.213
MAYO,2023,CENTRO ,623.2399999999999
MAYO,2023,TETUÁN,915.7
MAYO,2023,CHAMBERÍ,986.27
MAYO,2023,ARGANZUELA,152.6
MAYO,2023,RETIRO,1111.58
MAYO,2023,SALAMANCA,310.43
MAYO,2023,CHAMARTÍN,8.38
MAYO,2023,FUENCARRAL,157.64
MAYO,2023,MONCLOA,210.18000000000004
MAYO,2023,LATINA,219.22
MAYO,2023,CIUDAD LINEAL,765.558
MAYO,2023,HORTALEZA,893.151
MAYO,2023,SAN BLAS,637.965
MAYO,2023,BARAJAS,255.186
MAYO,2023,PUENTE DE VALLECAS ,435.921
MAYO,2023,VILLA DE VALLECAS ,380.124
MAYO,2023,MORATALAZ,163.209
MAYO,2023,VICÁLVARO,108.806
MAYO,2023,CARABANCHEL,288.029
MAYO,2023,USERA,169.579
MAYO,2023,VILLAVERDE,199.05200000000002
JUNIO,2023,CENTRO ,651.84
JUNIO,2023,TETUÁN,607.4399999999999
JUNIO,2023,CHAMBERÍ,569.6
JUNIO,2023,ARGANZUELA,152.6
JUNIO,2023,RETIRO,1099.94
JUNIO,2023,SALAMANCA,386.64
JUNIO,2023,CHAMARTÍN,228.62
JUNIO,2023,FUENCARRAL,132.06
JUNIO,2023,MONCLOA,503.50000000000006
JUNIO,2023,LATINA,169.7
JUNIO,2023,CIUDAD LINEAL,267.636
JUNIO,2023,HORTALEZA,312.242
JUNIO,2023,SAN BLAS,223.02999999999997
JUNIO,2023,BARAJAS,89.212
JUNIO,2023,PUENTE DE VALLECAS ,522.585
JUNIO,2023,VILLA DE VALLECAS ,574.74
JUNIO,2023,MORATALAZ,219.465
JUNIO,2023,VICÁLVARO,146.31
JUNIO,2023,CARABANCHEL,240.86200000000002
JUNIO,2023,USERA,150.316
JUNIO,2023,VILLAVERDE,169.62199999999999
JULIO,2023,CENTRO ,699.94
JULIO,2023,TETUÁN,725.18
JULIO,2023,CHAMBERÍ,1558.3600000000001
JULIO,2023,ARGANZUELA,182.72
JULIO,2023,RETIRO,152.15200000000002
JULIO,2023,SALAMANCA,455.48
JULIO,2023,CHAMARTÍN,109.44
JULIO,2023,FUENCARRAL,101.48
JULIO,2023,MONCLOA,179.71999999999997
JULIO,2023,LATINA,109.9
JULIO,2023,CIUDAD LINEAL,155.64000000000001
JULIO,2023,HORTALEZA,181.57999999999998
JULIO,2023,SAN BLAS,129.70000000000002
JULIO,2023,BARAJAS,950.9799999999999
JULIO,2023,PUENTE DE VALLECAS ,512.7610000000001
JULIO,2023,VILLA DE VALLECAS ,244.447
JULIO,2023,MORATALAZ,151.441
JULIO,2023,VICÁLVARO,100.96199999999999
JULIO,2023,CARABANCHEL,226.671
JULIO,2023,USERA,186.442
JULIO,2023,VILLAVERDE,166.10700000000003
AGOSTO,2023,CENTRO ,625.68
AGOSTO,2023,TETUÁN,532.74
AGOSTO,2023,CHAMBERÍ,1126.3
AGOSTO,2023,ARGANZUELA,291.15999999999997
AGOSTO,2023,RETIRO,189.04
AGOSTO,2023,SALAMANCA,518.02
AGOSTO,2023,CHAMARTÍN,426.98
AGOSTO,2023,FUENCARRAL,114.0
AGOSTO,2023,MONCLOA,825.76
AGOSTO,2023,LATINA,732.4399999999999
AGOSTO,2023,CIUDAD LINEAL,214.50400000000002
AGOSTO,2023,HORTALEZA,253.588
AGOSTO,2023,SAN BLAS,180.42
AGOSTO,2023,BARAJAS,73.16799999999999
AGOSTO,2023,PUENTE DE VALLECAS ,809.395
AGOSTO,2023,VILLA DE VALLECAS ,512.966
AGOSTO,2023,MORATALAZ,265.072
AGOSTO,2023,VICÁLVARO,176.715
AGOSTO,2023,CARABANCHEL,256.151
AGOSTO,2023,USERA,151.99800000000002
AGOSTO,2023,VILLAVERDE,174.92100000000002
SEPTIEMBRE,2023,CENTRO ,1031.91
SEPTIEMBRE,2023,TETUÁN,697.64
SEPTIEMBRE,2023,CHAMBERÍ,613.86
SEPTIEMBRE,2023,ARGANZUELA,290.96
SEPTIEMBRE,2023,RETIRO,862.54
SEPTIEMBRE,2023,SALAMANCA,498.3
SEPTIEMBRE,2023,CHAMARTÍN,716.2
SEPTIEMBRE,2023,FUENCARRAL,224.98000000000002
SEPTIEMBRE,2023,MONCLOA,197.48
SEPTIEMBRE,2023,LATINA,1101.78
SEPTIEMBRE,2023,CIUDAD LINEAL,364.06
SEPTIEMBRE,2023,HORTALEZA,320.623
SEPTIEMBRE,2023,SAN BLAS,257.186
SEPTIEMBRE,2023,BARAJAS,106.87400000000001
SEPTIEMBRE,2023,PUENTE DE VALLECAS ,671.421
SEPTIEMBRE,2023,VILLA DE VALLECAS ,375.289
SEPTIEMBRE,2023,MORATALAZ,212.302
SEPTIEMBRE,2023,VICÁLVARO,141.534
SEPTIEMBRE,2023,CARABANCHEL,236.632
SEPTIEMBRE,2023,USERA,140.465
SEPTIEMBRE,2023,VILLAVERDE,161.613
OCTUBRE,2023,CENTRO ,837.58
OCTUBRE,2023,TETUÁN,447.736
OCTUBRE,2023,CHAMBERÍ,576.38
OCTUBRE,2023,ARGANZUELA,630.3480000000001
OCTUBRE,2023,RETIRO,892.18
OCTUBRE,2023,SALAMANCA,775.48
OCTUBRE,2023,CHAMARTÍN,691.4599999999999
OCTUBRE,2023,FUENCARRAL,762.96
OCTUBRE,2023,MONCLOA,599.4
OCTUBRE,2023,LATINA,185.38
OCTUBRE,2023,CIUDAD LINEAL,525.1600000000001
OCTUBRE,2023,HORTALEZA,447.28
OCTUBRE,2023,SAN BLAS,362.14000000000004
OCTUBRE,2023,BARAJAS,185.76
OCTUBRE,2023,PUENTE DE VALLECAS ,852.758
OCTUBRE,2023,VILLA DE VALLECAS ,458.152
OCTUBRE,2023,MORATALAZ,262.182
OCTUBRE,2023,VICÁLVARO,174.788
OCTUBRE,2023,CARABANCHEL,282.174
OCTUBRE,2023,USERA,167.058
OCTUBRE,2023,VILLAVERDE,192.52800000000002
NOVIEMBRE,2023,CENTRO ,738.856
NOVIEMBRE,2023,TETUÁN,706.88
NOVIEMBRE,2023,CHAMBERÍ,372.63
NOVIEMBRE,2023,ARGANZUELA,347.35999999999996
NOVIEMBRE,2023,RETIRO,731.816
NOVIEMBRE,2023,SALAMANCA,887.78
NOVIEMBRE,2023,CHAMARTÍN,555.1400000000001
NOVIEMBRE,2023,FUENCARRAL,408.09999999999997
NOVIEMBRE,2023,MONCLOA,309.36
NOVIEMBRE,2023,LATINA,1009.24
NOVIEMBRE,2023,CIUDAD LINEAL,699.888
NOVIEMBRE,2023,HORTALEZA,599.904
NOVIEMBRE,2023,SAN BLAS,499.92
NOVIEMBRE,2023,BARAJAS,199.96800000000002
NOVIEMBRE,2023,PUENTE DE VALLECAS ,755.403
NOVIEMBRE,2023,VILLA DE VALLECAS ,372.159
NOVIEMBRE,2023,MORATALAZ,281.16200000000003
NOVIEMBRE,2023,VICÁLVARO,167.636
NOVIEMBRE,2023,CARABANCHEL,424.727
NOVIEMBRE,2023,USERA,250.33900000000003
NOVIEMBRE,2023,VILLAVERDE,289.314
DICIEMBRE,2023,CENTRO ,750.4399999999999
DICIEMBRE,2023,TETUÁN,597.5600000000001
DICIEMBRE,2023,CHAMBERÍ,674.24
DICIEMBRE,2023,ARGANZUELA,403.412
DICIEMBRE,2023,RETIRO,1069.0800000000002
DICIEMBRE,2023,SALAMANCA,917.43
DICIEMBRE,2023,CHAMARTÍN,909.58
DICIEMBRE,2023,FUENCARRAL,524.8
DICIEMBRE,2023,MONCLOA,294.08
DICIEMBRE,2023,LATINA,374.66
DICIEMBRE,2023,CIUDAD LINEAL,585.8259999999999
DICIEMBRE,2023,HORTALEZA,505.708
DICIEMBRE,2023,SAN BLAS,420.59
DICIEMBRE,2023,BARAJAS,170.23600000000002
DICIEMBRE,2023,PUENTE DE VALLECAS ,1271.4379999999999
DICIEMBRE,2023,VILLA DE VALLECAS ,474.579
DICIEMBRE,2023,MORATALAZ,408.67699999999996
DICIEMBRE,2023,VICÁLVARO,244.966
DICIEMBRE,2023,CARABANCHEL,460.49199999999996
DICIEMBRE,2023,USERA,261.38500000000005
DICIEMBRE,2023,VILLAVERDE,313.66100000000006
ENERO,2024,CENTRO ,646.791
ENERO,2024,TETUÁN,1087.54
ENERO,2024,CHAMBERÍ,756.36
ENERO,2024,ARGANZUELA,293.627
ENERO,2024,RETIRO,743.8679999999999
ENERO,2024,SALAMANCA,839.38
ENERO,2024,CHAMARTÍN,286.76700000000005
ENERO,2024,FUENCARRAL,313.44
ENERO,2024,MONCLOA,50.900000000000006
ENERO,2024,LATINA,301.91999999999996
ENERO,2024,CIUDAD LINEAL,441.69000000000005
ENERO,2024,HORTALEZA,382.02000000000004
ENERO,2024,SAN BLAS,318.35
ENERO,2024,BARAJAS,131.34
ENERO,2024,PUENTE DE VALLECAS,711.4939999999999
ENERO,2024,VILLA DE VALLECAS,428.143
ENERO,2024,MORATALAZ,261.87600000000003
ENERO,2024,VICÁLVARO,155.77599999999998
ENERO,2024,CARABANCHEL,415.945
ENERO,2024,USERA,246.423
ENERO,2024,VILLAVERDE,283.872
FEBRERO,2024,CENTRO ,600.0699999999999
FEBRERO,2024,TETUÁN,949.725
FEBRERO,2024,CHAMBERÍ,464.659
FEBRERO,2024,ARGANZUELA,1003.49
FEBRERO,2024,RETIRO,733.425
FEBRERO,2024,SALAMANCA,630.91
FEBRERO,2024,CHAMARTÍN,523.351
FEBRERO,2024,FUENCARRAL,271.98
FEBRERO,2024,MONCLOA,13.08
FEBRERO,2024,LATINA,182.00000000000003
FEBRERO,2024,CIUDAD LINEAL,392.333
FEBRERO,2024,HORTALEZA,334.414
FEBRERO,2024,SAN BLAS,277.54499999999996
FEBRERO,2024,BARAJAS,107.738
FEBRERO,2024,PUENTE DE VALLECAS ,552.402
FEBRERO,2024,VILLA DE VALLECAS ,325.88500000000005
FEBRERO,2024,MORATALAZ,177.39
FEBRERO,2024,VICÁLVARO,838.576
FEBRERO,2024,CARABANCHEL,340.249
FEBRERO,2024,USERA,189.02800000000002
FEBRERO,2024,VILLAVERDE,226.833
MARZO,2024,CENTRO ,665.7600000000001
MARZO,2024,TETUÁN,626.3799999999999
MARZO,2024,CHAMBERÍ,716.1200000000001
MARZO,2024,ARGANZUELA,287.33
MARZO,2024,RETIRO,670.34
MARZO,2024,SALAMANCA,520.8199999999999
MARZO,2024,CHAMARTÍN,806.34
MARZO,2024,FUENCARRAL,339.4
MARZO,2024,MONCLOA,56.2
MARZO,2024,LATINA,1124.54
MARZO,2024,CIUDAD LINEAL,371.761
MARZO,2024,HORTALEZA,295.34
MARZO,2024,SAN BLAS,273.648
MARZO,2024,BARAJAS,152.84300000000002
MARZO,2024,PUENTE DE VALLECAS ,403.486
MARZO,2024,VILLA DE VALLECAS ,148.26999999999998
MARZO,2024,MORATALAZ,110.351
MARZO,2024,VICÁLVARO,73.568
MARZO,2024,CARABANCHEL,202.315
MARZO,2024,USERA,191.46300000000002
MARZO,2024,VILLAVERDE,168.76199999999997
ABRIL,2024,CENTRO ,656.795
ABRIL,2024,TETUÁN,561.7209999999999
ABRIL,2024,CHAMBERÍ,650.28
ABRIL,2024,ARGANZUELA,301.32
ABRIL,2024,RETIRO,777.126
ABRIL,2024,SALAMANCA,863.9800000000001
ABRIL,2024,CHAMARTÍN,821.0680000000001
ABRIL,2024,FUENCARRAL,397.06
ABRIL,2024,MONCLOA,471.02
ABRIL,2024,LATINA,1068.8200000000002
ABRIL,2024,CIUDAD LINEAL,420.475
ABRIL,2024,HORTALEZA,332.73
ABRIL,2024,SAN BLAS,306.23199999999997
ABRIL,2024,BARAJAS,165.489
ABRIL,2024,PUENTE DE VALLECAS ,419.417
ABRIL,2024,VILLA DE VALLECAS ,145.048
ABRIL,2024,MORATALAZ,112.893
ABRIL,2024,VICÁLVARO,75.412
ABRIL,2024,CARABANCHEL,228.581
ABRIL,2024,USERA,216.661
ABRIL,2024,VILLAVERDE,190.818
MAYO,2024,CENTRO ,664.465
MAYO,2024,TETUÁN,609.669
MAYO,2024,CHAMBERÍ,738.18
MAYO,2024,ARGANZUELA,296.8
MAYO,2024,RETIRO,793.7800000000001
MAYO,2024,SALAMANCA,1011.59
MAYO,2024,CHAMARTÍN,618.515
MAYO,2024,FUENCARRAL,462.44
MAYO,2024,MONCLOA,60.26
MAYO,2024,LATINA,778.12
MAYO,2024,CIUDAD LINEAL,1362.2430000000002
MAYO,2024,HORTALEZA,1081.0189999999998
MAYO,2024,SAN BLAS,1001.65
MAYO,2024,BARAJAS,560.228
MAYO,2024,PUENTE DE VALLECAS ,463.26899999999995
MAYO,2024,VILLA DE VALLECAS ,706.124
MAYO,2024,MORATALAZ,459.583
MAYO,2024,VICÁLVARO,298.32599999999996
MAYO,2024,CARABANCHEL,335.174
MAYO,2024,USERA,316.554
MAYO,2024,VILLAVERDE,279.312
JUNIO,2024,CENTRO ,686.1800000000001
JUNIO,2024,TETUÁN,1040.4470000000001
JUNIO,2024,CHAMBERÍ,686.099
JUNIO,2024,ARGANZUELA,893.732
JUNIO,2024,RETIRO,769.52
JUNIO,2024,SALAMANCA,926.29
JUNIO,2024,CHAMARTÍN,718.8199999999999
JUNIO,2024,FUENCARRAL,424.5
JUNIO,2024,MONCLOA,42.32
JUNIO,2024,LATINA,936.76
JUNIO,2024,CIUDAD LINEAL,396.84299999999996
JUNIO,2024,HORTALEZA,1221.35
JUNIO,2024,SAN BLAS,1131.251
JUNIO,2024,BARAJAS,632.7009999999999
JUNIO,2024,PUENTE DE VALLECAS ,1157.773
JUNIO,2024,VILLA DE VALLECAS ,569.423
JUNIO,2024,MORATALAZ,355.692
JUNIO,2024,VICÁLVARO,231.43200000000002
JUNIO,2024,CARABANCHEL,244.415
JUNIO,2024,USERA,230.059
JUNIO,2024,VILLAVERDE,203.346
JULIO,2024,CENTRO ,1312.567
JULIO,2024,TETUÁN,424.71000000000004
JULIO,2024,CHAMBERÍ,654.76
JULIO,2024,ARGANZUELA,893.732
JULIO,2024,RETIRO,999.3199999999999
JULIO,2024,SALAMANCA,866.31
JULIO,2024,CHAMARTÍN,446.394
JULIO,2024,FUENCARRAL,401.24
JULIO,2024,MONCLOA,37.8
JULIO,2024,LATINA,731.4
JULIO,2024,CIUDAD LINEAL,395.748
JULIO,2024,HORTALEZA,313.401
JULIO,2024,SAN BLAS,1284.52
JULIO,2024,BARAJAS,827.331
JULIO,2024,PUENTE DE VALLECAS ,300.49500000000006
JULIO,2024,VILLA DE VALLECAS ,335.49600000000004
JULIO,2024,MORATALAZ,133.393
JULIO,2024,VICÁLVARO,85.48700000000001
JULIO,2024,CARABANCHEL,237.842
JULIO,2024,USERA,205.751
JULIO,2024,VILLAVERDE,218.187
AGOSTO,2024,CENTRO ,599.9949999999999
AGOSTO,2024,TETUÁN,554.658
AGOSTO,2024,CHAMBERÍ,257.3
AGOSTO,2024,ARGANZUELA,230.6
AGOSTO,2024,RETIRO,669.86
AGOSTO,2024,SALAMANCA,490.04
AGOSTO,2024,CHAMARTÍN,337.89
AGOSTO,2024,FUENCARRAL,309.14000000000004
AGOSTO,2024,MONCLOA,44.4
AGOSTO,2024,LATINA,559.62
AGOSTO,2024,CIUDAD LINEAL,400.115
AGOSTO,2024,HORTALEZA,318.298
AGOSTO,2024,SAN BLAS,294.35
AGOSTO,2024,BARAJAS,164.63500000000002
AGOSTO,2024,PUENTE DE VALLECAS ,431.481
AGOSTO,2024,VILLA DE VALLECAS ,1551.4889999999998
AGOSTO,2024,MORATALAZ,524.405
AGOSTO,2024,VICÁLVARO,822.497
AGOSTO,2024,CARABANCHEL,280.51099999999997
AGOSTO,2024,USERA,241.57899999999998
AGOSTO,2024,VILLAVERDE,256.551
SEPTIEMBRE,2024,CENTRO ,688.83
SEPTIEMBRE,2024,TETUÁN,576.7869999999999
SEPTIEMBRE,2024,CHAMBERÍ,433.14
SEPTIEMBRE,2024,ARGANZUELA,1101.883
SEPTIEMBRE,2024,RETIRO,799.571
SEPTIEMBRE,2024,SALAMANCA,701.69
SEPTIEMBRE,2024,CHAMARTÍN,605.9580000000001
SEPTIEMBRE,2024,FUENCARRAL,541.14
SEPTIEMBRE,2024,MONCLOA,289.56
SEPTIEMBRE,2024,LATINA,612.02
SEPTIEMBRE,2024,CIUDAD LINEAL,401.704
SEPTIEMBRE,2024,HORTALEZA,1177.6999999999998
SEPTIEMBRE,2024,SAN BLAS,1089.723
SEPTIEMBRE,2024,BARAJAS,609.845
SEPTIEMBRE,2024,PUENTE DE VALLECAS ,971.165
SEPTIEMBRE,2024,VILLA DE VALLECAS ,1655.376
SEPTIEMBRE,2024,MORATALAZ,351.685
SEPTIEMBRE,2024,VICÁLVARO,817.094
SEPTIEMBRE,2024,CARABANCHEL,299.81300000000005
SEPTIEMBRE,2024,USERA,258.214
SEPTIEMBRE,2024,VILLAVERDE,274.823
