COD_TIPO_DATO,TIPO_DATO,IDENTIFICADOR_MINT,COD_NDP,DIRECCION_COMPLETA,DIRECCION_AUXILIAR,COD_VIAL,CLASE_VIAL,PARTICULAS_VIAL,NOMBRE_VIAL,TIPO_NÚMERO,NÚMERO,COD_BARRIO,BARRIO,COD_DISTRITO,DISTRITO,UTMX,UTMY,LATITUD,LONGITUD,DÍA_SEMANA,TURNO,HORA_INICIO,HORA_FINAL,CreationDate,Creator,EditDate,Editor,ObjectId
,Punto Limpio Móvil,,,"Calle Arrieta, 15 ",,,Calle,,Arrieta,número,15,,,1,CENTRO,439675,4474526,40.41918013,-3.711069993,Martes,Mañana,1716287400000,1716292800000,1716314723788,Esri_Madrid,1716314723788,Esri_Madrid,1
,Punto Limpio Móvil,,,"Calle Barquillo, 4 ",,,Calle,,Barquillo,número,4,,,1,CENTRO,440994,4474572,40.41969013,-3.695529994,Sabado,Mañana,1716274800000,1716280200000,1716314723788,Esri_Madrid,1716314723788,Esri_Madrid,2
,Punto Limpio Móvil,,,"Plaza Cebada, 5-7 ",,,Plaza,,Cebada,número,5-7,,,1,CENTRO,439790,4473664,40.41132,-3.70927,Sabado,Tarde,1716300000000,1716305400000,1716314723788,Esri_Madrid,1716314723788,Esri_Madrid,3
,Punto Limpio Móvil,,,"Calle Conde Duque, 30 ",,,Calle,,Conde Duque,número,30,,,1,CENTRO,439762,4475482,40.42779649,-3.710134496,Martes,Mañana,1716274800000,1716280200000,1716314723788,Esri_Madrid,1716314723788,Esri_Madrid,4
,Punto Limpio Móvil,,,"Glorieta Embajadores, 10 esquina calle Embajadores",esquina calle Embajadores,,Glorieta,,Embajadores,número,10,,,1,CENTRO,440360,4472982,40.40532,-3.70286,Sabado,Tarde,1716312600000,1716318000000,1716314723788,Esri_Madrid,1716314723788,Esri_Madrid,5
,Punto Limpio Móvil,,,"Calle Espíritu Santo, 26 Entro los números 26 y 28. Zona de carga y descarga",Entro los números 26 y 28. Zona de carga y descarga,,Calle,,Espíritu Santo,número,26,,,1,CENTRO,440311,4475218,40.42546013,-3.703639993,Sabado,Tarde,1716306300000,1716311700000,1716314723788,Esri_Madrid,1716314723788,Esri_Madrid,6
,Punto Limpio Móvil,,,"Plaza Lavapiés, 8 Zona de carga y descarga",Zona de carga y descarga,,Plaza,,Lavapiés,número,8,,,1,CENTRO,440499,4473354,40.40868013,-3.701249994,Sabado,Tarde,1716306300000,1716311700000,1716314723788,Esri_Madrid,1716314723788,Esri_Madrid,7
,Punto Limpio Móvil,,,"Calle Lope de Vega,  Frente al número 36",Frente al número 36,,Calle,,Lope de Vega,número,,,,1,CENTRO,440827,4473984,40.41438013,-3.697449994,Sabado,Mañana,1716281100000,1716286500000,1716314723788,Esri_Madrid,1716314723788,Esri_Madrid,8
,Punto Limpio Móvil,,,"Plaza Mayor, 29-30 Salida Calle Ciudad Rodrigo",Salida Calle Ciudad Rodrigo,,Plaza,,Mayor,número,29-30,,,1,CENTRO,440026,4474142,40.41574723,-3.706902053,Sabado,Mañana,1716287400000,1716292800000,1716314723788,Esri_Madrid,1716314723788,Esri_Madrid,9
,Punto Limpio Móvil,,,"Calle Príncipe, 18 ",,,Calle,,Príncipe,número,18,,,1,CENTRO,440580,4474086,40.41528547,-3.700364984,Martes,Tarde,1716306300000,1716311700000,1716314723788,Esri_Madrid,1716314723788,Esri_Madrid,10
,Punto Limpio Móvil,,,"Calle Ribera de Curtidores, 37- (A, B, C) ",,,Calle,,Ribera de Curtidores,número,"37- (A, B, C)",,,1,CENTRO,439996,4473123,40.40656682,-3.707154966,Martes,Tarde,1716318900000,1716324300000,1716314723788,Esri_Madrid,1716314723788,Esri_Madrid,11
,Punto Limpio Móvil,,,"Glorieta Ruíz Jiménez, 8 ",,,Glorieta,,Ruíz Jiménez,número,8,,,1,CENTRO,440138,4475639,40.42924193,-3.705722844,Martes,Mañana,1716281100000,1716286500000,1716314723788,Esri_Madrid,1716314723788,Esri_Madrid,12
,Punto Limpio Móvil,,,"Plaza Santa Bárbara, 5 ",,,Plaza,,Santa Bárbara,número,5,,,1,CENTRO,440928,4475438,40.42748313,-3.696388041,Martes,Tarde,1716300000000,1716305400000,1716314723788,Esri_Madrid,1716314723788,Esri_Madrid,13
,Punto Limpio Móvil,,,"Calle Santa Isabel, 47 ",,,Calle,,Santa Isabel,número,47,,,1,CENTRO,440935,4473450,40.40958069,-3.696127206,Martes,Mañana,1716293700000,1716299100000,1716314723788,Esri_Madrid,1716314723788,Esri_Madrid,14
,Punto Limpio Móvil,,,"Calle Segovia, 20 ",,,Calle,,Segovia,número,20,,,1,CENTRO,439571,4473948,40.41397013,-3.712239993,Martes,Tarde,1716312600000,1716318000000,1716314723788,Esri_Madrid,1716314723788,Esri_Madrid,15
,Punto Limpio Móvil,,,"Calle Silva, 25 ",,,Calle,,Silva,número,25,,,1,CENTRO,440134,4474823,40.4218911,-3.705691,Sabado,Tarde,1716312600000,1716318000000,1716314723788,Esri_Madrid,1716314723788,Esri_Madrid,16
,Punto Limpio Móvil,,,"Plaza Tirso de Molina, 16 Zona de carga y descarga",Zona de carga y descarga,,Plaza,,Tirso de Molina,número,16,,,1,CENTRO,440221,4473790,40.41259013,-3.704569993,Sabado,Mañana,1716293700000,1716299100000,1716314723788,Esri_Madrid,1716314723788,Esri_Madrid,17
,Punto Limpio Móvil,,,"Calle Arganda, 2 Frente al número 2",Frente al número 2,,Calle,,Arganda,número,2,,,2,ARGANZUELA,439813,4472287,40.399104,-3.709351,Martes,Tarde,1716306300000,1716311700000,1716314723788,Esri_Madrid,1716314723788,Esri_Madrid,18
,Punto Limpio Móvil,,,"calle Bustamante , 16 Edificio Ayuntamiento de Madrid",Edificio Ayuntamiento de Madrid,,calle,,Bustamante ,número,16,,,2,ARGANZUELA,441594,4472433,40.4004601355331,-3.68826187102883,Jueves,Mañana,1716281100000,1716286500000,1716314723788,Esri_Madrid,1716314723788,Esri_Madrid,19
,Punto Limpio Móvil,,,"calle Cerro de la Plata, 3 EMT",EMT,,calle,,Cerro de la Plata,número,3,,,2,RETIRO,442752,4472399,40.4002327303121,-3.6746135863849,Martes,Mañana,1716293700000,1716299100000,1716314723788,Esri_Madrid,1716314723788,Esri_Madrid,20
,Punto Limpio Móvil,,,"Paseo Chopera, 12 ",,,Paseo,,Chopera,número,12,,,2,ARGANZUELA,440756,4471631,40.39317945,-3.698067172,Sabado,Tarde,1716306300000,1716311700000,1716314723788,Esri_Madrid,1716314723788,Esri_Madrid,21
,Punto Limpio Móvil,,,"Calle Cobre,  Frente al número 5",Frente al número 5,,Calle,,Cobre,numero,,,,2,ARGANZUELA,441506,4471686,40.39373013,-3.689229994,Martes,Tarde,1716312600000,1716318000000,1716314723788,Esri_Madrid,1716314723788,Esri_Madrid,22
,Punto Limpio Móvil,,,"Paseo Delicias, 68 ",,,Paseo,,Delicias,número,68,,,2,ARGANZUELA,441080,4472315,40.39936013,-3.694309994,Martes,Mañana,1716293700000,1716299100000,1716314723788,Esri_Madrid,1716314723788,Esri_Madrid,23
,Punto Limpio Móvil,,,"Paseo Delicias, 24 ",,,Paseo,,Delicias,número,24,,,2,ARGANZUELA,441144,4472990,40.4054452,-3.693616009,Sabado,Mañana,1716293700000,1716299100000,1716314723788,Esri_Madrid,1716314723788,Esri_Madrid,24
,Punto Limpio Móvil,,,"Paseo Delicias, 122 ",,,Paseo,,Delicias,número,122,,,2,ARGANZUELA,441031,4471817,40.39487516,-3.694841268,Sabado,Tarde,1716300000000,1716305400000,1716314723788,Esri_Madrid,1716314723788,Esri_Madrid,25
,Punto Limpio Móvil,,,"Calle Embajadores, 274 ",,,Calle,,Embajadores,número,274,,,2,ARGANZUELA,441501,4470772,40.38549013,-3.689209994,Martes,Tarde,1716318900000,1716324300000,1716314723788,Esri_Madrid,1716314723788,Esri_Madrid,26
,Punto Limpio Móvil,,,"Paseo Esperanza, 21 ",,,Paseo,,Esperanza,número,21,,,2,ARGANZUELA,440234,4472511,40.40107013,-3.704289993,Martes,Mañana,1716281100000,1716286500000,1716314723788,Esri_Madrid,1716314723788,Esri_Madrid,27
,Punto Limpio Móvil,,,"Calle Fernando Poo, 36 Frente, esquina Divino Vallés","Frente, esquina Divino Vallés",,Calle,,Fernando Poo,número,36,,,2,ARGANZUELA,440606,4472014,40.39662013,-3.699859994,Martes,Mañana,1716287400000,1716292800000,1716314723788,Esri_Madrid,1716314723788,Esri_Madrid,28
,Punto Limpio Móvil,,,"Plaza Francisco Morano, 3 En la rotonda entre las salidas de Paseo Imperial y Paseo de los Pontones",En la rotonda entre las salidas de Paseo Imperial y Paseo de los Pontones,,Plaza,,Francisco Morano,número,3,,,2,ARGANZUELA,439221,4472922,40.4046986,-3.716273022,Sabado,Tarde,1716318900000,1716324300000,1716314723788,Esri_Madrid,1716314723788,Esri_Madrid,29
,Punto Limpio Móvil,,,"Calle Fray Luis de León,  Intersección con Calle Juan Sebastian Elcano, 17","Intersección con Calle Juan Sebastian Elcano, 17",,Calle,,Fray Luis de León,número,,,,2,ARGANZUELA,440713,4472921,40.40480013,-3.698689994,Martes,Tarde,1716300000000,1716305400000,1716314723788,Esri_Madrid,1716314723788,Esri_Madrid,30
,Punto Limpio Móvil,,,"Paseo Juan Antonio Vallejo-Nájera Botas,  Intersección con Plaza Ortega y Munilla, detrás de la entrada a la estación de Cercanías de Pirámides","Intersección con Plaza Ortega y Munilla, detrás de la entrada a la estación de Cercanías de Pirámides",,Paseo,,Juan Antonio Vallejo-Nájera Botas,número,,,,2,ARGANZUELA,439635,4472715,40.40285996,-3.711376364,Sabado,Tarde,1716312600000,1716318000000,1716314723788,Esri_Madrid,1716314723788,Esri_Madrid,31
,Punto Limpio Móvil,,,"Calle Juan Duque,  Intersección con Calle Fósforo",Intersección con Calle Fósforo,,Calle,,Juan Duque,número,,,,2,ARGANZUELA,438941,4473524,40.41010013,-3.719629993,Martes,Mañana,1716274800000,1716280200000,1716314723788,Esri_Madrid,1716314723788,Esri_Madrid,32
,Punto Limpio Móvil,,,"Plaza Legazpi, 5 Intersección con Paseo del Molino",Intersección con Paseo del Molino,,Plaza,,Legazpi,número,5,,,2,ARGANZUELA,441030,4471362,40.3907741,-3.694808258,Sabado,Mañana,1716281100000,1716286500000,1716314723788,Esri_Madrid,1716314723788,Esri_Madrid,33
,Punto Limpio Móvil,,,"calle Méndez Álvaro, 1 Puerta de Atocha",Puerta de Atocha,,calle,,Méndez Álvaro,número,1,,,2,ARGANZUELA,441255,4473136,40.4067688513445,-3.69231672404241,Martes,Mañana,1716287400000,1716292800000,1716314723788,Esri_Madrid,1716314723788,Esri_Madrid,34
,Punto Limpio Móvil,,,"calle Méndez Álvaro, 44 edficio Repsol",edficio Repsol,,calle,,Méndez Álvaro,número,44,,,2,ARGANZUELA,441966,4472215,40.3985229910894,-3.68386081508759,Jueves,Mañana,1716274800000,1716280200000,1716314723788,Esri_Madrid,1716314723788,Esri_Madrid,35
,Punto Limpio Móvil,,,"Paseo Santa María de la Cabeza, 64 ",,,Paseo,,Santa María de la Cabeza,número,64,,,2,ARGANZUELA,440610,4472447,40.40051605,-3.699861192,Sabado,Mañana,1716287400000,1716292800000,1716314723788,Esri_Madrid,1716314723788,Esri_Madrid,36
,Punto Limpio Móvil,,,"Calle Amado Nervo,  Frente al número 12",Frente al número 12,,Calle,,Amado Nervo,,,,,3,RETIRO,442788,4473396,40.40922013,-3.674279994,Jueves,Mañana,1716287400000,1716292800000,1716314723788,Esri_Madrid,1716314723788,Esri_Madrid,37
,Punto Limpio Móvil,,,"Calle Doctor Esquerdo, 152 ",,,Calle,,Doctor Esquerdo,número,152,,,3,RETIRO,442898,4472780,40.40368003,-3.672931679,Lunes,Mañana,1716293700000,1716299100000,1716314723788,Esri_Madrid,1716314723788,Esri_Madrid,38
,Punto Limpio Móvil,,,"Calle Doctor Esquerdo, 94 Esquina Avenida de Nazaret, frente al número 125","Esquina Avenida de Nazaret, frente al número 125",,Calle,,Doctor Esquerdo,número,94,,,3,RETIRO,443159,4473673,40.41173813,-3.669933119,Lunes,Tarde,1716306300000,1716311700000,1716314723788,Esri_Madrid,1716314723788,Esri_Madrid,39
,Punto Limpio Móvil,,,"Calle Estrella Polar, 22 ",,,Calle,,Estrella Polar,número,22,,,3,RETIRO,443476,4473573,40.41085914,-3.666186786,Lunes,Mañana,1716274800000,1716280200000,1716314723788,Esri_Madrid,1716314723788,Esri_Madrid,40
,Punto Limpio Móvil,,,"Calle Ibiza, 60 ",,,Calle,,Ibiza,número,60,,,3,RETIRO,443060,4474360,40.41792013,-3.671159994,Jueves,Mañana,1716281100000,1716286500000,1716314723788,Esri_Madrid,1716314723788,Esri_Madrid,41
,Punto Limpio Móvil,,,"Calle Marqués de Lozoya,  Frente al número 26",Frente al número 26,,Calle,,Marqués de Lozoya,número,,,,3,RETIRO,443735,4474353,40.41791013,-3.663209994,Jueves,Mañana,1716274800000,1716280200000,1716314723788,Esri_Madrid,1716314723788,Esri_Madrid,42
,Punto Limpio Móvil,,,"Avenida Menéndez Pelayo,  Frente al número 29, en la acera de El Retiro","Frente al número 29, en la acera de El Retiro",,Avenida,,Menéndez Pelayo,número,,,,3,RETIRO,442393,4474445,40.41864668,-3.679030573,Lunes,Mañana,1716281100000,1716286500000,1716314723788,Esri_Madrid,1716314723788,Esri_Madrid,43
,Punto Limpio Móvil,,,"Avenida Menéndez Pelayo, 95 ",,,Avenida,,Menéndez Pelayo,número,95,,,3,RETIRO,442376,4473120,40.40670603,-3.679105448,Lunes,Mañana,1716287400000,1716292800000,1716314723788,Esri_Madrid,1716314723788,Esri_Madrid,44
,Punto Limpio Móvil,,,"calle Montalbán, 7-9 Edificio Ayuntamiento de Madrid",Edificio Ayuntamiento de Madrid,,calle,,Montalbán,número,7-9,,,3,RETIRO,441449,4474405,40.4182126836302,-3.69014800469709,Martes,Mañana,1716281100000,1716286500000,1716314723788,Esri_Madrid,1716314723788,Esri_Madrid,45
,Punto Limpio Móvil,,,"Calle Narváez, 82 ",,,Calle,,Narváez,número,82,,,3,RETIRO,442600,4474216,40.41659121,-3.676571862,Lunes,Tarde,1716312600000,1716318000000,1716314723788,Esri_Madrid,1716314723788,Esri_Madrid,46
,Punto Limpio Móvil,,,"Paseo Reina Cristina,  Frente al número 5, intersección a la Calle Julián Gayarre","Frente al número 5, intersección a la Calle Julián Gayarre",,Paseo,,Reina Cristina,número,,,,3,RETIRO,442007,4473121,40.40669013,-3.683459994,Jueves,Tarde,1716300000000,1716305400000,1716314723788,Esri_Madrid,1716314723788,Esri_Madrid,47
,Punto Limpio Móvil,,,"Calle Saliente,  Frente al número 10",Frente al número 10,,Calle,,Saliente,número,,,,3,RETIRO,443446,4474466,40.41890013,-3.666619994,Lunes,Tarde,1716318900000,1716324300000,1716314723788,Esri_Madrid,1716314723788,Esri_Madrid,48
,Punto Limpio Móvil,,,"Calle Seco, 2 ",,,Calle,,Seco,número,2,,,3,RETIRO,442978,4472290,40.39926602,-3.671943717,Lunes,Tarde,1716300000000,1716305400000,1716314723788,Esri_Madrid,1716314723788,Esri_Madrid,49
,Punto Limpio Móvil,,,"Calle Téllez, 26 Intersección con Calle León Gil Palacio",Intersección con Calle León Gil Palacio,,Calle,,Téllez,número,26,,,3,RETIRO,442345,4472637,40.40235013,-3.679429994,Jueves,Tarde,1716306300000,1716311700000,1716314723788,Esri_Madrid,1716314723788,Esri_Madrid,50
,Punto Limpio Móvil,,,"Calle Valderribas, 25 C ",,,Calle,,Valderribas,número,25 C,,,3,RETIRO,443125,4472621,40.40226013,-3.670239994,Jueves,Mañana,1716293700000,1716299100000,1716314723788,Esri_Madrid,1716314723788,Esri_Madrid,51
,Punto Limpio Móvil,,,"Calle Alcalá, 237 Junto a Plaza de Toros de las Ventas",Junto a Plaza de Toros de las Ventas,,Calle,,Alcalá,número,237,,,4,SALAMANCA,443683,4475825,40.43116732,-3.663950523,Jueves,Tarde,1716312600000,1716318000000,1716314723788,Esri_Madrid,1716314723788,Esri_Madrid,52
,Punto Limpio Móvil,,,"calle Alcalde Sainz de Baranda , 92 frente. (Fachada Parque Fuente del Berro).",frente. (Fachada Parque Fuente del Berro).,,calle,,Alcalde Sainz de Baranda ,número,92,,,4,SALAMANCA,443788,4474709,40.4211207544295,-3.66260692996813,Jueves,Mañana,1716287400000,1716292800000,1716314723788,Esri_Madrid,1716314723788,Esri_Madrid,53
,Punto Limpio Móvil,,,"Calle Berlín, 3 ",,,Calle,,Berlín,número,3,,,4,SALAMANCA,443741,4476969,40.44147013,-3.663359994,Sabado,Tarde,1716300000000,1716305400000,1716314723788,Esri_Madrid,1716314723788,Esri_Madrid,54
,Punto Limpio Móvil,,,"Calle Brescia, 2 Intersección con Calle Biarritz",Intersección con Calle Biarritz,,Calle,,Brescia,número,2,,,4,SALAMANCA,443651,4476418,40.43649844,-3.664382838,Jueves,Tarde,1716318900000,1716324300000,1716314723788,Esri_Madrid,1716314723788,Esri_Madrid,55
,Punto Limpio Móvil,,,"Calle del Pilar de Zaragoza, 57 Itersección con Calle José Picón",Itersección con Calle José Picón,,Calle,,del Pilar de Zaragoza,número,57,,,4,SALAMANCA,443058,4476339,40.43575013,-3.671359994,Sabado,Mañana,1716293700000,1716299100000,1716314723788,Esri_Madrid,1716314723788,Esri_Madrid,56
,Punto Limpio Móvil,,,"Calle Doctor Esquerdo, 47 ",,,Calle,,Doctor Esquerdo,número,47,,,4,SALAMANCA,443283,4474940,40.42316013,-3.668589994,Sabado,Tarde,1716306300000,1716311700000,1716314723788,Esri_Madrid,1716314723788,Esri_Madrid,57
,Punto Limpio Móvil,,,"Calle Francisco Silvela,  Intersección con Calle Florestón Aguilar junto al Parque Eva Duarte",Intersección con Calle Florestón Aguilar junto al Parque Eva Duarte,,Calle,,Francisco Silvela,número,,,,4,SALAMANCA,443134,4475731,40.4302759,-3.670415455,Jueves,Tarde,1716306300000,1716311700000,1716314723788,Esri_Madrid,1716314723788,Esri_Madrid,58
,Punto Limpio Móvil,,,"Calle General Díaz Porlier, 41 ",,,Calle,,General Díaz Porlier,número,41,,,4,SALAMANCA,442571,4475523,40.42837013,-3.677029994,Sabado,Tarde,1716312600000,1716318000000,1716314723788,Esri_Madrid,1716314723788,Esri_Madrid,59
,Punto Limpio Móvil,,,"Calle Goya, 107 ",,,Calle,,Goya,número,107,,,4,SALAMANCA,442907,4475125,40.42480849,-3.673029266,Jueves,Mañana,1716281100000,1716286500000,1716314723788,Esri_Madrid,1716314723788,Esri_Madrid,60
,Punto Limpio Móvil,,,"Calle Jose Ortega y Gasset, 8 ",,,Calle,,Jose Ortega y Gasset,número,8,,,4,SALAMANCA,441807,4475732,40.43020013,-3.686059994,Sabado,Mañana,1716281100000,1716286500000,1716314723788,Esri_Madrid,1716314723788,Esri_Madrid,61
,Punto Limpio Móvil,,,"Calle Juan Bravo, 35-37 Intersección con Calle General Pardiñas ",Intersección con Calle General Pardiñas ,,Calle,,Juan Bravo,número,35-37,,,4,SALAMANCA,442486,4476004,40.43269013,-3.678079994,Sabado,Mañana,1716287400000,1716292800000,1716314723788,Esri_Madrid,1716314723788,Esri_Madrid,62
,Punto Limpio Móvil,,,"Paseo Marqués de Zafra, 32 ",,,Paseo,,Marqués de Zafra,número,32,,,4,SALAMANCA,443646,4475219,40.42570533,-3.664329592,Jueves,Mañana,1716274800000,1716280200000,1716314723788,Esri_Madrid,1716314723788,Esri_Madrid,63
,Punto Limpio Móvil,,,"Calle Narváez, 44 ",,,Calle,,Narváez,número,44,,,4,SALAMANCA,442625,4474589,40.41996042,-3.676307861,Jueves,Mañana,1716287400000,1716292800000,1716314723788,Esri_Madrid,1716314723788,Esri_Madrid,64
,Punto Limpio Móvil,,,"Calle Velázquez, 48 ",,,Calle,,Velázquez,número,48,,,4,SALAMANCA,441987,4475362,40.42687862,-3.68389872,Jueves,Mañana,1716293700000,1716299100000,1716314723788,Esri_Madrid,1716314723788,Esri_Madrid,65
,Punto Limpio Móvil,,,"Calle Velázquez, 89 ",,,Calle,,Velázquez,número,89,,,4,SALAMANCA,442019,4476160,40.4340697,-3.683590638,Jueves,Tarde,1716300000000,1716305400000,1716314723788,Esri_Madrid,1716314723788,Esri_Madrid,66
,Punto Limpio Móvil,,,"Calle Villanueva, 20 Intersección con Calle Claudio Coello",Intersección con Calle Claudio Coello,,Calle,,Villanueva,número,20,,,4,SALAMANCA,441714,4474870,40.42242013,-3.687069994,Sabado,Tarde,1716318900000,1716324300000,1716314723788,Esri_Madrid,1716314723788,Esri_Madrid,67
,Punto Limpio Móvil,,,"Avenida  Alfonso XIII, 65 ",,,Avenida,, Alfonso XIII,número,65,,,5,CHAMARTIN,443422,4478377,40.45413668,-3.667255232,Lunes,Tarde,1716300000000,1716305400000,1716314723788,Esri_Madrid,1716314723788,Esri_Madrid,68
,Punto Limpio Móvil,,,"Avenida Alberto Alcocer, 28 ",,,Avenida,,Alberto Alcocer,número,28,,,5,CHAMARTIN,442019,4478870,40.45847985,-3.683840815,Lunes,Tarde,1716312600000,1716318000000,1716314723788,Esri_Madrid,1716314723788,Esri_Madrid,69
,Punto Limpio Móvil,,,"Calle Clara del Rey, 21 ",,,Calle,,Clara del Rey,número,21,,,5,CHAMARTIN,443000,4476931,40.4410825,-3.672100324,Jueves,Tarde,1716306300000,1716311700000,1716314723788,Esri_Madrid,1716314723788,Esri_Madrid,70
,Punto Limpio Móvil,,,"Plaza del Perú,  Intersección con Avenida Pío XII",Intersección con Avenida Pío XII,,Plaza,,del Perú,número,,,,5,CHAMARTIN,442655,4479090,40.46050652,-3.676366952,Lunes,Tarde,1716306300000,1716311700000,1716314723788,Esri_Madrid,1716314723788,Esri_Madrid,71
,Punto Limpio Móvil,,,"Avenida Doctor Arce, 1 Intersección con Plaza de la República Argentina",Intersección con Plaza de la República Argentina,,Avenida,,Doctor Arce,número,1,,,5,CHAMARTIN,441900,4477410,40.44532013,-3.685109994,Lunes,Mañana,1716281100000,1716286500000,1716314723788,Esri_Madrid,1716314723788,Esri_Madrid,72
,Punto Limpio Móvil,,,"Calle Enrique Larreta, 14 ",,,Calle,,Enrique Larreta,número,14,,,5,CHAMARTIN,441795,4480002,40.46866386,-3.68659163,Lunes,Tarde,1716318900000,1716324300000,1716314723788,Esri_Madrid,1716314723788,Esri_Madrid,73
,Punto Limpio Móvil,,,"Calle General López Pozas, 16 ",,,Calle,,General López Pozas,número,16,,,5,CHAMARTIN,441894,4479631,40.46533013,-3.685389994,Jueves,Mañana,1716287400000,1716292800000,1716314723788,Esri_Madrid,1716314723788,Esri_Madrid,74
,Punto Limpio Móvil,,,"calle Mauricio Legendre, 5 ",,,calle,,Mauricio Legendre,número,5,,,5,CHAMARTIN,441764,4480066,40.4692363293796,-3.68696147683308,Martes,Tarde,1716300000000,1716305400000,1716314723788,Esri_Madrid,1716314723788,Esri_Madrid,75
,Punto Limpio Móvil,,,"Calle Padre Claret, 17 ",,,Calle,,Padre Claret,número,17,,,5,CHAMARTIN,443640,4477637,40.44748013,-3.664609994,Lunes,Mañana,1716293700000,1716299100000,1716314723788,Esri_Madrid,1716314723788,Esri_Madrid,76
,Punto Limpio Móvil,,,"Avenida Pío XII, 46 ",,,Avenida,,Pío XII,número,46,,,5,CHAMARTIN,442890,4479932,40.46811013,-3.673659994,Jueves,Mañana,1716281100000,1716286500000,1716314723788,Esri_Madrid,1716314723788,Esri_Madrid,77
,Punto Limpio Móvil,,,"Calle Pradillo, 22 ",,,Calle,,Pradillo,número,22,,,5,CHAMARTIN,442881,4477772,40.44865013,-3.673579994,Lunes,Mañana,1716287400000,1716292800000,1716314723788,Esri_Madrid,1716314723788,Esri_Madrid,78
,Punto Limpio Móvil,,,"Calle Príncipe de Vergara, 110 ",,,Calle,,Príncipe de Vergara,número,110,,,5,CHAMARTIN,442421,4476741,40.4393301262956,-3.67890999372858,Lunes,Mañana,1716274800000,1716280200000,1716314723788,Esri_Madrid,1716314723788,Esri_Madrid,79
,Punto Limpio Móvil,,,"Calle Príncipe de Vergara, 248 ",,,Calle,,Príncipe de Vergara,número,248,,,5,CHAMARTIN,442572,4478331,40.45366013,-3.677269994,Jueves,Mañana,1716293700000,1716299100000,1716314723788,Esri_Madrid,1716314723788,Esri_Madrid,80
,Punto Limpio Móvil,,,"Calle Príncipe de Vergara, 142 ",,,Calle,,Príncipe de Vergara,número,142,,,5,CHAMARTIN,442484,4477330,40.44464014,-3.678215136,Jueves,Tarde,1716312600000,1716318000000,1716314723788,Esri_Madrid,1716314723788,Esri_Madrid,81
,Punto Limpio Móvil,,,"Calle Santa Hortensia, 2 Intersección con López de Hoyos",Intersección con López de Hoyos,,Calle,,Santa Hortensia,número,2,,,5,CHAMARTIN,443127,4477472,40.44595901,-3.670651482,Jueves,Tarde,1716300000000,1716305400000,1716314723788,Esri_Madrid,1716314723788,Esri_Madrid,82
,Punto Limpio Móvil,,,"Calle Santa María Magdalena, 18 ",,,Calle,,Santa María Magdalena,número,18,,,5,CHAMARTIN,443152,4479362,40.46299013,-3.670519994,Jueves,Mañana,1716274800000,1716280200000,1716314723788,Esri_Madrid,1716314723788,Esri_Madrid,83
,Punto Limpio Móvil,,,"Calle Santo Domingo de Silos , 7 Intersección Av Concha Espina",Intersección Av Concha Espina,,Calle,,Santo Domingo de Silos ,número,7,,,5,CHAMARTIN,441753,4478129,40.45178134,-3.686915621,Jueves,Tarde,1716318900000,1716324300000,1716314723788,Esri_Madrid,1716314723788,Esri_Madrid,84
,Punto Limpio Móvil,,,"Calle Aviador Zorita, 46 ",,,Calle,,Aviador Zorita,número,46,,,6,TETUAN,440810,4478065,40.45114155,-3.69802484,Miércoles,Tarde,1716312600000,1716318000000,1716314723788,Esri_Madrid,1716314723788,Esri_Madrid,85
,Punto Limpio Móvil,,,"Calle Capitán Blanco Argibay, 134 ",,,Calle,,Capitán Blanco Argibay,número,134,,,6,TETUAN,440294,4479853,40.46721013,-3.704279993,Miércoles,Tarde,1716300000000,1716305400000,1716314723788,Esri_Madrid,1716314723788,Esri_Madrid,86
,Punto Limpio Móvil,,,"Avenida de Asturias, 6 En la vía de servicio",En la vía de servicio,,Avenida,,de Asturias,número,6,,,6,TETUAN,441261,4479932,40.46799013,-3.692879994,Miércoles,Mañana,1716274800000,1716280200000,1716314723788,Esri_Madrid,1716314723788,Esri_Madrid,87
,Punto Limpio Móvil,,,"Avenida de Asturias, 44 ",,,Avenida,,de Asturias,número,44,,,6,TETUAN,440918,4480247,40.47081088,-3.696958818,Lunes,Tarde,1716300000000,1716305400000,1716314723788,Esri_Madrid,1716314723788,Esri_Madrid,88
,Punto Limpio Móvil,,,"Paseo de la Dirección, 328 ",,,Paseo,,de la Dirección,número,328,,,6,TETUAN,440313,4480160,40.46998013,-3.704079993,Lunes,Mañana,1716287400000,1716292800000,1716314723788,Esri_Madrid,1716314723788,Esri_Madrid,89
,Punto Limpio Móvil,,,"Plaza de la Remonta, 3 ",,,Plaza,,de la Remonta,número,3,,,6,TETUAN,440857,4479555,40.46457158,-3.697613671,Lunes,Mañana,1716293700000,1716299100000,1716314723788,Esri_Madrid,1716314723788,Esri_Madrid,90
,Punto Limpio Móvil,,,"Calle Francos Rodríguez, 57 ",,,Calle,,Francos Rodríguez,número,57,,,6,TETUAN,439862,4478702,40.45680834,-3.709264743,Lunes,Mañana,1716281100000,1716286500000,1716314723788,Esri_Madrid,1716314723788,Esri_Madrid,91
,Punto Limpio Móvil,,,"Calle Hierbabuena, 13 ",,,Calle,,Hierbabuena,número,13,,,6,TETUAN,440494,4479060,40.46008013,-3.701849994,Lunes,Tarde,1716306300000,1716311700000,1716314723788,Esri_Madrid,1716314723788,Esri_Madrid,92
,Punto Limpio Móvil,,,"Calle Jerónima Llorente, 65 ",,,Calle,,Jerónima Llorente,número,65,,,6,TETUAN,439955,4478314,40.45332738,-3.708129826,Lunes,Mañana,1716274800000,1716280200000,1716314723788,Esri_Madrid,1716314723788,Esri_Madrid,93
,Punto Limpio Móvil,,,"Calle Lope de Haro, 36 ",,,Calle,,Lope de Haro,número,36,,,6,TETUAN,440251,4478691,40.45674114,-3.704672112,Miércoles,Mañana,1716287400000,1716292800000,1716314723788,Esri_Madrid,1716314723788,Esri_Madrid,94
,Punto Limpio Móvil,,,"Calle Marqués de Viana, 70 ",,,Calle,,Marqués de Viana,número,70,,,6,TETUAN,440293,4479480,40.46385013,-3.704259993,Miércoles,Mañana,1716293700000,1716299100000,1716314723788,Esri_Madrid,1716314723788,Esri_Madrid,95
,Punto Limpio Móvil,,,"Calle Orense, 9 ",,,Calle,,Orense,número,9,,,6,TETUAN,441017,4477688,40.44776383,-3.69555288,Miércoles,Tarde,1716318900000,1716324300000,1716314723788,Esri_Madrid,1716314723788,Esri_Madrid,96
,Punto Limpio Móvil,,,"calle Orense, 2 Azca",Azca,,calle,,Orense,número,2,,,6,TETUAN,441035,4477589,40.4468732750801,-3.52989542448213,Martes,Tarde,1716306300000,1716311700000,1716314723788,Esri_Madrid,1716314723788,Esri_Madrid,97
,Punto Limpio Móvil,,,"Avenida Pablo Iglesias, 36 ",,,Avenida,,Pablo Iglesias,número,36,,,6,TETUAN,439881,4477758,40.44831013,-3.708949993,Miércoles,Tarde,1716306300000,1716311700000,1716314723788,Esri_Madrid,1716314723788,Esri_Madrid,98
,Punto Limpio Móvil,,,"Calle Pedro Teixeira, 10 Intersección con Calle Poeta Joan Maragall",Intersección con Calle Poeta Joan Maragall,,Calle,,Pedro Teixeira,número,10,,,6,TETUAN,441286,4478482,40.45493013,-3.692449994,Lunes,Tarde,1716318900000,1716324300000,1716314723788,Esri_Madrid,1716314723788,Esri_Madrid,99
,Punto Limpio Móvil,,,"Calle Poeta Joan Maragall, 45 Frente al número 54, intersección con Calle de Rosario Pino","Frente al número 54, intersección con Calle de Rosario Pino",,Calle,,Poeta Joan Maragall,número,45,,,6,TETUAN,441349,4479300,40.46230582,-3.691785867,Lunes,Tarde,1716312600000,1716318000000,1716314723788,Esri_Madrid,1716314723788,Esri_Madrid,100
,Punto Limpio Móvil,,,"Calle Sor Ángela de la Cruz, 12 ",,,Calle,,Sor Ángela de la Cruz,número,12,,,6,TETUAN,441204,4478974,40.45936013,-3.693459994,Miércoles,Mañana,1716281100000,1716286500000,1716314723788,Esri_Madrid,1716314723788,Esri_Madrid,101
,Punto Limpio Móvil,,,"calle Agustín de Betancourt, 1 Ministerio",Ministerio,,calle,,Agustín de Betancourt,número,1,,,7,CHAMBERI,441053,4477057,40.4420748012669,-3.6950649134365,Martes,Tarde,1716312600000,1716318000000,1716314723788,Esri_Madrid,1716314723788,Esri_Madrid,102
,Punto Limpio Móvil,,,"Calle Arapiles, 21 Intersección con Calle Vallehermoso",Intersección con Calle Vallehermoso,,Calle,,Arapiles,número,21,,,7,CHAMBERI,439904,4476035,40.43279411,-3.708519655,Sabado,Tarde,1716312600000,1716318000000,1716314723788,Esri_Madrid,1716314723788,Esri_Madrid,103
,Punto Limpio Móvil,,,"Calle Bravo Murillo, 41 ",,,Calle,,Bravo Murillo,número,41,,,7,CHAMBERI,440186,4476585,40.43776198,-3.705244148,Sabado,Mañana,1716287400000,1716292800000,1716314723788,Esri_Madrid,1716314723788,Esri_Madrid,104
,Punto Limpio Móvil,,,"Calle Bravo Murillo, 92 ",,,Calle,,Bravo Murillo,número,92,,,7,CHAMBERI,440317,4477482,40.4458567,-3.703788592,Sabado,Tarde,1716300000000,1716305400000,1716314723788,Esri_Madrid,1716314723788,Esri_Madrid,105
,Punto Limpio Móvil,,,"Calle Bravo Murillo, 8 ",,,Calle,,Bravo Murillo,número,8,,,7,CHAMBERI,440268,4476210,40.43439746,-3.704244286,Sabado,Tarde,1716306300000,1716311700000,1716314723788,Esri_Madrid,1716314723788,Esri_Madrid,106
,Punto Limpio Móvil,,,"Plaza Chamberí, 4 ",,,Plaza,,Chamberí,número,4,,,7,CHAMBERI,440871,4476057,40.43306165,-3.697121262,Sabado,Mañana,1716274800000,1716280200000,1716314723788,Esri_Madrid,1716314723788,Esri_Madrid,107
,Punto Limpio Móvil,,,"Calle Fernández de los Ríos, 62 ",,,Calle,,Fernández de los Ríos,número,62,,,7,CHAMBERI,439625,4476321,40.43534781,-3.711832755,Sabado,Tarde,1716318900000,1716324300000,1716314723788,Esri_Madrid,1716314723788,Esri_Madrid,108
,Punto Limpio Móvil,,,"Calle Fernando el Católico, 73 ",,,Calle,,Fernando el Católico,número,73,,,7,CHAMBERI,439239,4476218,40.43439013,-3.716369993,Martes,Mañana,1716274800000,1716280200000,1716314723788,Esri_Madrid,1716314723788,Esri_Madrid,109
,Punto Limpio Móvil,,,"Calle Francisco de Rojas, 11 ",,,Calle,,Francisco de Rojas,número,11,,,7,CHAMBERI,440624,4475722,40.43002013,-3.699999994,Martes,Mañana,1716293700000,1716299100000,1716314723788,Esri_Madrid,1716314723788,Esri_Madrid,110
,Punto Limpio Móvil,,,"Calle García de Paredes, 82 ",,,Calle,,García de Paredes,número,82,,,7,CHAMBERI,441208,4476442,40.43655013,-3.693179994,Martes,Tarde,1716300000000,1716305400000,1716314723788,Esri_Madrid,1716314723788,Esri_Madrid,111
,Punto Limpio Móvil,,,"Avenida Islas Filipinas, 32 ",,,Avenida,,Islas Filipinas,número,32,,,7,CHAMBERI,439926,4476890,40.44049013,-3.708339993,Martes,Tarde,1716318900000,1716324300000,1716314723788,Esri_Madrid,1716314723788,Esri_Madrid,112
,Punto Limpio Móvil,,,"Calle Joaquín María López, 54 ",,,Calle,,Joaquín María López,número,54,,,7,CHAMBERI,439312,4476603,40.43786013,-3.715549993,Martes,Mañana,1716281100000,1716286500000,1716314723788,Esri_Madrid,1716314723788,Esri_Madrid,113
,Punto Limpio Móvil,,,"Calle García Paredes, 32 ",,,Calle,,García Paredes,número,32,,,7,CHAMBERI,440684,4476491,40.43695013,-3.699359994,Martes,Mañana,1716287400000,1716292800000,1716314723788,Esri_Madrid,1716314723788,Esri_Madrid,114
,Punto Limpio Móvil,,,"Paseo San Francisco de Sales, 36 ",,,Paseo,,San Francisco de Sales,número,36,,,7,CHAMBERI,439515,4477071,40.44209537,-3.713196475,Sabado,Mañana,1716293700000,1716299100000,1716314723788,Esri_Madrid,1716314723788,Esri_Madrid,115
,Punto Limpio Móvil,,,"Plaza San Juan de la Cruz, 3 Intersección con Calle Fernández de la Hoz",Intersección con Calle Fernández de la Hoz,,Plaza,,San Juan de la Cruz,número,3,,,7,CHAMBERI,441112,4476955,40.44116013,-3.694359994,Martes,Tarde,1716306300000,1716311700000,1716314723788,Esri_Madrid,1716314723788,Esri_Madrid,116
,Punto Limpio Móvil,,,"Calle Santa Engracia, 126 ",,,Calle,,Santa Engracia,número,126,,,7,CHAMBERI,440516,4477005,40.44157,-3.701391,Sabado,Mañana,1716281100000,1716286500000,1716314723788,Esri_Madrid,1716314723788,Esri_Madrid,117
,Punto Limpio Móvil,,,"Calle Vallehermoso,  Frente al número 50",Frente al número 50,,Calle,,Vallehermoso,número,,,,7,CHAMBERI,439898,4476357,40.43569013,-3.708619993,Martes,Tarde,1716312600000,1716318000000,1716314723788,Esri_Madrid,1716314723788,Esri_Madrid,118
,Punto Limpio Móvil,,,"Calle Abetal, 3-5 Edificio BBVA",Edificio BBVA,,Calle,,Abetal,número,3-5,,,8,FUENCARRAL - EL PARDO,443856,4483545,40.5007244095852,-3.66259517914358,Martes,Mañana,1716287400000,1716292800000,1716314723788,Esri_Madrid,1716314723788,Esri_Madrid,119
,Punto Limpio Móvil,,,"Calle Afueras a Valverde, 23 ",,,Calle,,Afueras a Valverde,número,23,,,8,FUENCARRAL - EL PARDO,441617,4483190,40.49736629,-3.688979853,Lunes,Tarde,1716318900000,1716324300000,1716314723788,Esri_Madrid,1716314723788,Esri_Madrid,120
,Punto Limpio Móvil,,,"Avenida Avda. Monforte de Lemos, 1 Cuatro Torres",Cuatro Torres,,Avenida,,Avda. Monforte de Lemos,número,1,,,8,FUENCARRAL - EL PARDO,441706,4480710,40.4750302638568,-3.68770369754848,Martes,Mañana,1716293700000,1716299100000,1716314723788,Esri_Madrid,1716314723788,Esri_Madrid,121
,Punto Limpio Móvil,,,"Calle Cándido Mateos, 17 ",,,Calle,,Cándido Mateos,número,17,,,8,FUENCARRAL - EL PARDO,439092,4480602,40.4738771,-3.718525244,Lunes,Mañana,1716293700000,1716299100000,1716314723788,Esri_Madrid,1716314723788,Esri_Madrid,122
,Punto Limpio Móvil,,,"Avenida Cardenal Herrera Oria, 259 ",,,Avenida,,Cardenal Herrera Oria,número,259,,,8,FUENCARRAL - EL PARDO,438776,4481302,40.48015632,-3.722328509,Lunes,Mañana,1716287400000,1716292800000,1716314723788,Esri_Madrid,1716314723788,Esri_Madrid,123
,Punto Limpio Móvil,,,"Calle Cerro de Minguete, 9 ",,,Calle,,Cerro de Minguete,número,9,,,8,FUENCARRAL - EL PARDO,439019,4482030,40.48673425,-3.719531943,Lunes,Mañana,1716281100000,1716286500000,1716314723788,Esri_Madrid,1716314723788,Esri_Madrid,124
,Punto Limpio Móvil,,,"Avenida El Ferrol, 6 ",,,Avenida,,El Ferrol,número,6,,,8,FUENCARRAL - EL PARDO,440330,4480667,40.47454833,-3.703932363,Viernes,Tarde,1716318900000,1716324300000,1716314723788,Esri_Madrid,1716314723788,Esri_Madrid,125
,Punto Limpio Móvil,,,"Plaza El Pardo, 1 Intersección con Calle Carboneros",Intersección con Calle Carboneros,,Plaza,,El Pardo,número,1,,,8,FUENCARRAL - EL PARDO,434134,4485795,40.52027135,-3.777549085,Lunes,Mañana,1716274800000,1716280200000,1716314723788,Esri_Madrid,1716314723788,Esri_Madrid,126
,Punto Limpio Móvil,,,"Calle Estella, 21 ",,,Calle,,Estella,número,21,,,8,FUENCARRAL - EL PARDO,442850,4483154,40.49712684,-3.674421941,Miércoles,Tarde,1716312600000,1716318000000,1716314723788,Esri_Madrid,1716314723788,Esri_Madrid,127
,Punto Limpio Móvil,,,"Calle Federico Mompou, 4 Edificio Telecinco",Edificio Telecinco,,Calle,,Federico Mompou,número,4,,,8,FUENCARRAL - EL PARDO,442484,4484676,40.5108133512341,-3.67888605764082,Martes,Mañana,1716274800000,1716280200000,1716314723788,Esri_Madrid,1716314723788,Esri_Madrid,128
,Punto Limpio Móvil,,,"Calle Fermín Caballero, 49-51 ",,,Calle,,Fermín Caballero,número,49-51,,,8,FUENCARRAL - EL PARDO,440114,4481748,40.48426912,-3.706580057,Lunes,Tarde,1716300000000,1716305400000,1716314723788,Esri_Madrid,1716314723788,Esri_Madrid,129
,Punto Limpio Móvil,,,"Calle Fresnedillas, 9 frente",frente,,Calle,,Fresnedillas,número,9,,,8,FUENCARRAL - EL PARDO,437078,4481062,40.47787013,-3.742329993,Miércoles,Mañana,1716274800000,1716280200000,1716314723788,Esri_Madrid,1716314723788,Esri_Madrid,130
,Punto Limpio Móvil,,,"Camino Ganapanes,  Intersección con Calle La Bañeza",Intersección con Calle La Bañeza,,Camino,,Ganapanes,,,,,8,FUENCARRAL - EL PARDO,439312,4480804,40.47571013,-3.715949993,Miércoles,Mañana,1716287400000,1716292800000,1716314723788,Esri_Madrid,1716314723788,Esri_Madrid,131
,Punto Limpio Móvil,,,"Calle Joaquín Lorenzo, 106 ",,,Calle,,Joaquín Lorenzo,número,106,,,8,FUENCARRAL - EL PARDO,437626,4480819,40.47572013,-3.735839993,Viernes,Tarde,1716306300000,1716311700000,1716314723788,Esri_Madrid,1716314723788,Esri_Madrid,132
,Punto Limpio Móvil,,,"Calle Julio Palacios, 10 ",,,Calle,,Julio Palacios,número,10,,,8,FUENCARRAL - EL PARDO,443159,4473673,40.41173813,-3.669933119,Lunes,Tarde,1716306300000,1716311700000,1716314723788,Esri_Madrid,1716314723788,Esri_Madrid,133
,Punto Limpio Móvil,,,"Calle Leopoldo Alas Clarín,  Acera de los pares, frente al número 41","Acera de los pares, frente al número 41",,Calle,,Leopoldo Alas Clarín,número,,,,8,FUENCARRAL - EL PARDO,437856,4481403,40.48099503,-3.733183387,Viernes,Tarde,1716300000000,1716305400000,1716314723788,Esri_Madrid,1716314723788,Esri_Madrid,134
,Punto Limpio Móvil,,,"Avenida Monasterio de Silos, 85 ",,,Avenida,,Monasterio de Silos,número,85,,,8,FUENCARRAL - EL PARDO,441374,4484571,40.50978743,-3.691979444,Miércoles,Tarde,1716306300000,1716311700000,1716314723788,Esri_Madrid,1716314723788,Esri_Madrid,135
,Punto Limpio Móvil,,,"Avenida Monasterio de Silos,  Acera de los pares, frente al número 23","Acera de los pares, frente al número 23",,Avenida,,Monasterio de Silos,número,,,,8,FUENCARRAL - EL PARDO,440150,4483879,40.5034714,-3.706355909,Viernes,Mañana,1716287400000,1716292800000,1716314723788,Esri_Madrid,1716314723788,Esri_Madrid,136
,Punto Limpio Móvil,,,"Calle Monforte de Lemos, 38 ",,,Calle,,Monforte de Lemos,número,38,,,8,FUENCARRAL - EL PARDO,439866,4481101,40.47842163,-3.709446437,Viernes,Tarde,1716312600000,1716318000000,1716314723788,Esri_Madrid,1716314723788,Esri_Madrid,137
,Punto Limpio Móvil,,,"Calle Nuestra Señora de Valverde, 17 ",,,Calle,,Nuestra Señora de Valverde,número,17,,,8,FUENCARRAL - EL PARDO,441802,4482622,40.49226604,-3.686740229,Lunes,Tarde,1716312600000,1716318000000,1716314723788,Esri_Madrid,1716314723788,Esri_Madrid,138
,Punto Limpio Móvil,,,"Calle Nuria, 59 En frente del Centro Comercial",En frente del Centro Comercial,,Calle,,Nuria,número,59,,,8,FUENCARRAL - EL PARDO,440009,4482762,40.49339779,-3.707919056,Miércoles,Tarde,1716300000000,1716305400000,1716314723788,Esri_Madrid,1716314723788,Esri_Madrid,139
,Punto Limpio Móvil,,,"Calle Pico Milano, 9 ",,,Calle,,Pico Milano,número,9,,,8,FUENCARRAL - EL PARDO,439592,4481975,40.48628013,-3.712759993,Viernes,Mañana,1716293700000,1716299100000,1716314723788,Esri_Madrid,1716314723788,Esri_Madrid,140
,Punto Limpio Móvil,,,"Calle Ribadavia, 27 Lateral frente a supermercado",Lateral frente a supermercado,,Calle,,Ribadavia,número,27,,,8,FUENCARRAL - EL PARDO,439928,4480487,40.47290013,-3.708649993,Miércoles,Mañana,1716281100000,1716286500000,1716314723788,Esri_Madrid,1716314723788,Esri_Madrid,141
,Punto Limpio Móvil,,,"Ronda Ronda de la Comunicación, 2 Edificio Telefonica",Edificio Telefonica,,Ronda,,Ronda de la Comunicación,número,2,,,8,FUENCARRAL - EL PARDO,443723,4485009,40.5138979304183,-3.66429606720972,Martes,Mañana,1716281100000,1716286500000,1716314723788,Esri_Madrid,1716314723788,Esri_Madrid,142
,Punto Limpio Móvil,,,"Calle San Modesto,  Intersección con Calle Isidro Fernández",Intersección con Calle Isidro Fernández,,Calle,,San Modesto,número,,,,8,FUENCARRAL - EL PARDO,441903,4481728,40.48422013,-3.685469994,Viernes,Mañana,1716274800000,1716280200000,1716314723788,Esri_Madrid,1716314723788,Esri_Madrid,143
,Punto Limpio Móvil,,,"Calle Sangenjo, 12 ",,,Calle,,Sangenjo,número,12,,,8,FUENCARRAL - EL PARDO,440461,4481732,40.48415013,-3.702489994,Miércoles,Mañana,1716293700000,1716299100000,1716314723788,Esri_Madrid,1716314723788,Esri_Madrid,144
,Punto Limpio Móvil,,,"Avenida Santo Domingo de la Calzada, 27 ",,,Avenida,,Santo Domingo de la Calzada,número,27,,,8,FUENCARRAL - EL PARDO,443304,4484255,40.50708261,-3.669166507,Miércoles,Tarde,1716318900000,1716324300000,1716314723788,Esri_Madrid,1716314723788,Esri_Madrid,145
,Punto Limpio Móvil,,,"Plaza Tres Olivos,  Frente al número 6",Frente al número 6,,Plaza,,Tres Olivos,número,,,,8,FUENCARRAL - EL PARDO,441473,4483648,40.50148,-3.69072,Viernes,Mañana,1716281100000,1716286500000,1716314723788,Esri_Madrid,1716314723788,Esri_Madrid,146
,Punto Limpio Móvil,,,"Calle Antonio Machado, 12 IDM Ciudad de los Poetas",IDM Ciudad de los Poetas,,Calle,,Antonio Machado,número,12,,,9,MONCLOA - ARAVACA,439027,4479726,40.46598087,-3.71921181,Sabado,Mañana,1716281100000,1716286500000,1716314723788,Esri_Madrid,1716314723788,Esri_Madrid,147
,Punto Limpio Móvil,,,"Calle Arriaza,  Frente al número 10. Intersección con Calle Ilustración",Frente al número 10. Intersección con Calle Ilustración,,Calle,,Arriaza,número,,,,9,MONCLOA - ARAVACA,439250,4474759,40.42125013,-3.716109993,Sabado,Tarde,1716300000000,1716305400000,1716314723788,Esri_Madrid,1716314723788,Esri_Madrid,148
,Punto Limpio Móvil,,,"Avenida Complutense, s/n Frente Servicio de Informática",Frente Servicio de Informática,,Avenida,,Complutense,número,s/n,,,9,MONCLOA - ARAVACA,438300,4478098,40.45126013,-3.727629993,Miércoles,Mañana,1716287400000,1716292800000,1716314723788,Esri_Madrid,1716314723788,Esri_Madrid,149
,Punto Limpio Móvil,,,"Paseo Florida, 12  (farola 13)", (farola 13),,Paseo,,Florida,número,12,,,9,MONCLOA - ARAVACA,438687,4474941,40.4228444553487,-3.72275349491946,Sábado,Tarde,1716318900000,1716324300000,1716314723788,Esri_Madrid,1716314723788,Esri_Madrid,150
,Punto Limpio Móvil,,,"Calle Francos Rodríguez, 102 ",,,Calle,,Francos Rodríguez,número,102,,,9,MONCLOA - ARAVACA,439565,4478826,40.45790876,-3.712783422,Miércoles,Tarde,1716300000000,1716305400000,1716314723788,Esri_Madrid,1716314723788,Esri_Madrid,151
,Punto Limpio Móvil,,,"Calle Golondrina,  Frente a Avenida del Talgo, 234","Frente a Avenida del Talgo, 234",,Calle,,Golondrina,número,,,,9,MONCLOA - ARAVACA,433424,4477724,40.44751121,-3.785085494,Miércoles,Tarde,1716312600000,1716318000000,1716314723788,Esri_Madrid,1716314723788,Esri_Madrid,152
,Punto Limpio Móvil,,,"Calle Marqués de Urquijo, 2 ",,,Calle,,Marqués de Urquijo,número,2,,,9,MONCLOA - ARAVACA,439212,4475798,40.43060674,-3.716657855,Miércoles,Mañana,1716293700000,1716299100000,1716314723788,Esri_Madrid,1716314723788,Esri_Madrid,153
,Punto Limpio Móvil,,,"Avenida Osa Mayor, 23 ",,,Avenida,,Osa Mayor,número,23,,,9,MONCLOA - ARAVACA,433960,4479063,40.4596153,-3.778909594,Sabado,Mañana,1716274800000,1716280200000,1716314723788,Esri_Madrid,1716314723788,Esri_Madrid,154
,Punto Limpio Móvil,,,"Avenida Pablo Iglesias, 55 ",,,Avenida,,Pablo Iglesias,número,55,,,9,MONCLOA - ARAVACA,439724,4478011,40.45058013,-3.710829993,Sabado,Mañana,1716287400000,1716292800000,1716314723788,Esri_Madrid,1716314723788,Esri_Madrid,155
,Punto Limpio Móvil,,,"Avenida Principal, 4-6  Acceso Pabellón Cubo de la Pipa- Casa de Campo", Acceso Pabellón Cubo de la Pipa- Casa de Campo,,Avenida,,Principal,número,4-6,,,9,MONCLOA - ARAVACA,437292,4473802,40.4124795455108,-3.7390871636404,Lunes,Tarde,1716293700000,1716299100000,1716314723788,Esri_Madrid,1716314723788,Esri_Madrid,156
,Punto Limpio Móvil,,,"Calle Ribera de Manzanares, 125 Intersección con Calle Acantilado",Intersección con Calle Acantilado,,Calle,,Ribera de Manzanares,número,125,,,9,MONCLOA - ARAVACA,437794,4475679,40.42943013,-3.733359993,Sabado,Mañana,1716293700000,1716299100000,1716314723788,Esri_Madrid,1716314723788,Esri_Madrid,157
,Punto Limpio Móvil,,,"Calle San Restituto, 24 ",,,Calle,,San Restituto,número,24,,,9,MONCLOA - ARAVACA,439653,4479618,40.46505013,-3.711819993,Miércoles,Tarde,1716306300000,1716311700000,1716314723788,Esri_Madrid,1716314723788,Esri_Madrid,158
,Punto Limpio Móvil,,,"Avenida Valdemarín, 71 A Intersección con Calle Cisne",Intersección con Calle Cisne,,Avenida,,Valdemarín,número,71 A,,,9,MONCLOA - ARAVACA,434014,4480227,40.47011006,-3.778391577,Miércoles,Mañana,1716281100000,1716286500000,1716314723788,Esri_Madrid,1716314723788,Esri_Madrid,159
,Punto Limpio Móvil,,,"Avenida Victoria, 77 ",,,Avenida,,Victoria,número,77,,,9,MONCLOA - ARAVACA,429298,4480698,40.47396543,-3.834073426,Miércoles,Mañana,1716274800000,1716280200000,1716314723788,Esri_Madrid,1716314723788,Esri_Madrid,160
,Punto Limpio Móvil,,,"Calle Virgen de los Rosales,  Acera de enfrente al número 88",Acera de enfrente al número 88,,Calle,,Virgen de los Rosales,número,,,,9,MONCLOA - ARAVACA,433943,4478393,40.45358,-3.779036127,Miércoles,Tarde,1716318900000,1716324300000,1716314723788,Esri_Madrid,1716314723788,Esri_Madrid,161
,Punto Limpio Móvil,,,"Calle Alhambra,  Acera de enfrente al número 30",Acera de enfrente al número 30,,Calle,,Alhambra,número,,,,10,LATINA,436815,4472519,40.40088914,-3.744586083,Miércoles,Tarde,1716306300000,1716311700000,1716314723788,Esri_Madrid,1716314723788,Esri_Madrid,162
,Punto Limpio Móvil,,,"Avenida Apóstoles, 13 Intersección con Paseo de los Olivos",Intersección con Paseo de los Olivos,,Avenida,,Apóstoles,número,13,,,10,LATINA,437234,4473046,40.40567013,-3.739699993,Viernes,Tarde,1716306300000,1716311700000,1716314723788,Esri_Madrid,1716314723788,Esri_Madrid,163
,Punto Limpio Móvil,,,"Calle Camarena, 235 Frente al número 296",Frente al número 296,,Calle,,Camarena,número,235,,,10,LATINA,435731,4470910,40.38631089,-3.757199396,Lunes,Tarde,1716306300000,1716311700000,1716314723788,Esri_Madrid,1716314723788,Esri_Madrid,164
,Punto Limpio Móvil,,,"Calle Caramuel, 6 Entre los números 6 y 8",Entre los números 6 y 8,,Calle,,Caramuel,número,6,,,10,LATINA,438307,4473864,40.41311972,-3.727129825,Miércoles,Tarde,1716318900000,1716324300000,1716314723788,Esri_Madrid,1716314723788,Esri_Madrid,165
,Punto Limpio Móvil,,,"Calle Cardaño, 8 En la Plaza Patricio Martínez",En la Plaza Patricio Martínez,,Calle,,Cardaño,número,8,,,10,LATINA,434616,4472057,40.39655217,-3.770445426,Miércoles,Mañana,1716293700000,1716299100000,1716314723788,Esri_Madrid,1716314723788,Esri_Madrid,166
,Punto Limpio Móvil,,,"Glorieta de los Cármenes,  Entre las salidas de Calle Gallur y Calle Alhambra",Entre las salidas de Calle Gallur y Calle Alhambra,,Glorieta,,de los Cármenes,número,,,,10,LATINA,436910,4471942,40.39569796,-3.743411287,Lunes,Mañana,1716293700000,1716299100000,1716314723788,Esri_Madrid,1716314723788,Esri_Madrid,167
,Punto Limpio Móvil,,,"Paseo de los Jesuitas, 42 ",,,Paseo,,de los Jesuitas,número,42,,,10,LATINA,437639,4473379,40.40870061,-3.734961308,Lunes,Mañana,1716287400000,1716292800000,1716314723788,Esri_Madrid,1716314723788,Esri_Madrid,168
,Punto Limpio Móvil,,,"Calle Duquesa de Parcent, 96 ",,,Calle,,Duquesa de Parcent,número,96,,,10,LATINA,436326,4471971,40.39591401,-3.750286074,Viernes,Tarde,1716300000000,1716305400000,1716314723788,Esri_Madrid,1716314723788,Esri_Madrid,169
,Punto Limpio Móvil,,,"Paseo Ermita del Santo, 39 ",,,Paseo,,Ermita del Santo,número,39,,,10,LATINA,438534,4473134,40.40655438,-3.724384145,Viernes,Tarde,1716318900000,1716324300000,1716314723788,Esri_Madrid,1716314723788,Esri_Madrid,170
,Punto Limpio Móvil,,,"Calle Fuente del Tiro, 17 ",,,Calle,,Fuente del Tiro,número,17,,,10,LATINA,433744,4470628,40.38361228,-3.780577319,Lunes,Tarde,1716312600000,1716318000000,1716314723788,Esri_Madrid,1716314723788,Esri_Madrid,171
,Punto Limpio Móvil,,,"Calle General Millan Astray, 20 ",,,Calle,,General Millan Astray,número,20,,,10,LATINA,434871,4470041,40.37841904,-3.767240468,Viernes,Mañana,1716281100000,1716286500000,1716314723788,Esri_Madrid,1716314723788,Esri_Madrid,172
,Punto Limpio Móvil,,,"Calle Guareña,  Al lado Auditorio Paco de Lucia",Al lado Auditorio Paco de Lucia,,Calle,,Guareña,número,,,,10,LATINA,435085,4470795,40.38522206,-3.764791741,Miércoles,Mañana,1716281100000,1716286500000,1716314723788,Esri_Madrid,1716314723788,Esri_Madrid,173
,Punto Limpio Móvil,,,"Calle Higueras, 45 ",,,Calle,,Higueras,número,45,,,10,LATINA,436775,4473012,40.40532577,-3.745103375,Miércoles,Tarde,1716312600000,1716318000000,1716314723788,Esri_Madrid,1716314723788,Esri_Madrid,174
,Punto Limpio Móvil,,,"Calle Illescas, 117 ",,,Calle,,Illescas,número,117,,,10,LATINA,435391,4471712,40.39350783,-3.761277537,Miércoles,Mañana,1716287400000,1716292800000,1716314723788,Esri_Madrid,1716314723788,Esri_Madrid,175
,Punto Limpio Móvil,,,"Paseo Lanceros, 2 ",,,Paseo,,Lanceros,número,2,,,10,LATINA,432694,4470136,40.37910205,-3.79289123,Lunes,Mañana,1716274800000,1716280200000,1716314723788,Esri_Madrid,1716314723788,Esri_Madrid,176
,Punto Limpio Móvil,,,"Calle Ocaña, 149 ",,,Calle,,Ocaña,número,149,,,10,LATINA,436073,4470917,40.38640227,-3.753163133,Lunes,Tarde,1716300000000,1716305400000,1716314723788,Esri_Madrid,1716314723788,Esri_Madrid,177
,Punto Limpio Móvil,,,"Calle Oliva de Plasencia, 1 ",,,Calle,,Oliva de Plasencia,número,1,,,10,LATINA,433836,4470064,40.37854039,-3.779432297,Lunes,Tarde,1716318900000,1716324300000,1716314723788,Esri_Madrid,1716314723788,Esri_Madrid,178
,Punto Limpio Móvil,,,"Calle Pablo Casals,  Frente al número 10",Frente al número 10,,Calle,,Pablo Casals,número,,,,10,LATINA,438510,4473539,40.41020013,-3.724709993,Viernes,Tarde,1716312600000,1716318000000,1716314723788,Esri_Madrid,1716314723788,Esri_Madrid,179
,Punto Limpio Móvil,,,"Avenida Padre Piquer, 13 Junto a Correos",Junto a Correos,,Avenida,,Padre Piquer,número,13,,,10,LATINA,434848,4471779,40.39407013,-3.767689993,Viernes,Mañana,1716287400000,1716292800000,1716314723788,Esri_Madrid,1716314723788,Esri_Madrid,180
,Punto Limpio Móvil,,,"Calle Rafael Finat, 103 ",,,Calle,,Rafael Finat,número,103,,,10,LATINA,434421,4469758,40.37583416,-3.772503573,Viernes,Mañana,1716274800000,1716280200000,1716314723788,Esri_Madrid,1716314723788,Esri_Madrid,181
,Punto Limpio Móvil,,,"Calle Tembleque , 64 ",,,Calle,,Tembleque ,número,64,,,10,LATINA,435476,4471898,40.39518922,-3.760300561,Miércoles,Tarde,1716300000000,1716305400000,1716314723788,Esri_Madrid,1716314723788,Esri_Madrid,182
,Punto Limpio Móvil,,,"Calle Trompas, 15 ",,,Calle,,Trompas,número,15,,,10,LATINA,435002,4469264,40.37142604,-3.7656181,Miércoles,Mañana,1716274800000,1716280200000,1716314723788,Esri_Madrid,1716314723788,Esri_Madrid,183
,Punto Limpio Móvil,,,"Calle Villasandino, 35 ",,,Calle,,Villasandino,número,35,,,10,LATINA,436111,4473060,40.40570434,-3.752934046,Lunes,Mañana,1716281100000,1716286500000,1716314723788,Esri_Madrid,1716314723788,Esri_Madrid,184
,Punto Limpio Móvil,,,"Calle Yébenes, 110 Frente al número 217",Frente al número 217,,Calle,,Yébenes,número,110,,,10,LATINA,436214,4471552,40.39213013,-3.751569993,Viernes,Mañana,1716293700000,1716299100000,1716314723788,Esri_Madrid,1716314723788,Esri_Madrid,185
,Punto Limpio Móvil,,,"Avenida Abrantes, 40 Frente Calle Faro",Frente Calle Faro,,Avenida,,Abrantes,número,40,,,11,CARABANCHEL,438286,4470380,40.38173013,-3.727039993,Viernes,Mañana,1716281100000,1716286500000,1716314723788,Esri_Madrid,1716314723788,Esri_Madrid,186
,Punto Limpio Móvil,,,"Calle Alférez Juan Usera, 36 ",,,Calle,,Alférez Juan Usera,número,36,,,11,CARABANCHEL,437947,4471907,40.39546013,-3.731189993,Viernes,Tarde,1716306300000,1716311700000,1716314723788,Esri_Madrid,1716314723788,Esri_Madrid,187
,Punto Limpio Móvil,,,"Calle Antonio Leyva, 77 Frente al Instituto Carderón de la Barca",Frente al Instituto Carderón de la Barca,,Calle,,Antonio Leyva,número,77,,,11,CARABANCHEL,439173,4471034,40.387688,-3.716653,Lunes,Mañana,1716287400000,1716292800000,1716314723788,Esri_Madrid,1716314723788,Esri_Madrid,188
,Punto Limpio Móvil,,,"Calle Antonio López, 88 ",,,Calle,,Antonio López,número,88,,,11,CARABANCHEL,439936,4471709,40.39382375,-3.707727615,Miércoles,Mañana,1716293700000,1716299100000,1716314723788,Esri_Madrid,1716314723788,Esri_Madrid,189
,Punto Limpio Móvil,,,"Calle Antonio López, 9 ",,,Calle,,Antonio López,número,9,,,11,CARABANCHEL,439397,4472075,40.39707843,-3.714113341,Viernes,Tarde,1716300000000,1716305400000,1716314723788,Esri_Madrid,1716314723788,Esri_Madrid,190
,Punto Limpio Móvil,,,"Calle Carlos Daban,  Frente al número 28",Frente al número 28,,Calle,,Carlos Daban,número,,,,11,CARABANCHEL,437905,4472135,40.39751151,-3.731708393,Lunes,Mañana,1716293700000,1716299100000,1716314723788,Esri_Madrid,1716314723788,Esri_Madrid,191
,Punto Limpio Móvil,,,"Calle Clara Campoamor,  Frente al número 75",Frente al número 75,,Calle,,Clara Campoamor,número,,,,11,CARABANCHEL,437794,4470145,40.37957467,-3.732811665,Lunes,Tarde,1716312600000,1716318000000,1716314723788,Esri_Madrid,1716314723788,Esri_Madrid,192
,Punto Limpio Móvil,,,"Plaza de Coimbra,  Junto al semáforo",Junto al semáforo,,Plaza,,de Coimbra,número,,,,11,CARABANCHEL,438568,4470537,40.38316051,-3.723731631,Miércoles,Tarde,1716306300000,1716311700000,1716314723788,Esri_Madrid,1716314723788,Esri_Madrid,193
,Punto Limpio Móvil,,,"Plaza de la Parroquia, 16 ",,,Plaza,,de la Parroquia,número,16,,,11,CARABANCHEL,437027,4470191,40.37993013,-3.741849993,Viernes,Tarde,1716312600000,1716318000000,1716314723788,Esri_Madrid,1716314723788,Esri_Madrid,194
,Punto Limpio Móvil,,,"Plaza de los Navarros,  Entre Calle Albares de la Ribera y Calle Alberca de Zancara",Entre Calle Albares de la Ribera y Calle Alberca de Zancara,,Plaza,,de los Navarros,número,,,,11,CARABANCHEL,436998,4469561,40.37425336,-3.742139687,Miércoles,Mañana,1716281100000,1716286500000,1716314723788,Esri_Madrid,1716314723788,Esri_Madrid,195
,Punto Limpio Móvil,,,"Calle Eugenia de Montijo, 76 ",,,Calle,,Eugenia de Montijo,número,76,,,11,CARABANCHEL,436561,4470107,40.37913785,-3.747337904,Miércoles,Tarde,1716312600000,1716318000000,1716314723788,Esri_Madrid,1716314723788,Esri_Madrid,196
,Punto Limpio Móvil,,,"Calle Eugenia de Montijo, 99 ",,,Calle,,Eugenia de Montijo,número,99,,,11,CARABANCHEL,436250,4469582,40.37438754,-3.750942663,Viernes,Mañana,1716274800000,1716280200000,1716314723788,Esri_Madrid,1716314723788,Esri_Madrid,197
,Punto Limpio Móvil,,,"Calle Joaquín Turina, 62 ",,,Calle,,Joaquín Turina,número,62,,,11,CARABANCHEL,435614,4469349,40.37223546,-3.758420175,Miércoles,Mañana,1716274800000,1716280200000,1716314723788,Esri_Madrid,1716314723788,Esri_Madrid,198
,Punto Limpio Móvil,,,"Calle Laguna, 121 ",,,Calle,,Laguna,número,121,,,11,CARABANCHEL,437042,4471122,40.38831619,-3.741772099,Lunes,Tarde,1716300000000,1716305400000,1716314723788,Esri_Madrid,1716314723788,Esri_Madrid,199
,Punto Limpio Móvil,,,"Calle Mazarambroz, 4 Intersección con Calle Cazalegas y Calle Carranque",Intersección con Calle Cazalegas y Calle Carranque,,Calle,,Mazarambroz,número,4,,,11,CARABANCHEL,438203,4469646,40.37511067,-3.727948897,Lunes,Tarde,1716318900000,1716324300000,1716314723788,Esri_Madrid,1716314723788,Esri_Madrid,200
,Punto Limpio Móvil,,,"Calle Mutual, 2 Intersección con Avenida de la Peseta",Intersección con Avenida de la Peseta,,Calle,,Mutual,número,2,,,11,CARABANCHEL,436543,4468367,40.36346589,-3.747378466,Miércoles,Tarde,1716318900000,1716324300000,1716314723788,Esri_Madrid,1716314723788,Esri_Madrid,201
,Punto Limpio Móvil,,,"Avenida Nuestra Señora de Fátima, 15 ",,,Avenida,,Nuestra Señora de Fátima,número,15,,,11,CARABANCHEL,436817,4470851,40.38586625,-3.744391677,Lunes,Mañana,1716281100000,1716286500000,1716314723788,Esri_Madrid,1716314723788,Esri_Madrid,202
,Punto Limpio Móvil,,,"Avenida Oporto, 33 ",,,Avenida,,Oporto,número,33,,,11,CARABANCHEL,438505,4470788,40.38542445,-3.724508546,Lunes,Tarde,1716306300000,1716311700000,1716314723788,Esri_Madrid,1716314723788,Esri_Madrid,203
,Punto Limpio Móvil,,,"Avenida Oporto, 96 ",,,Avenida,,Oporto,número,96,,,11,CARABANCHEL,438078,4470987,40.38718499,-3.729555278,Viernes,Mañana,1716293700000,1716299100000,1716314723788,Esri_Madrid,1716314723788,Esri_Madrid,204
,Punto Limpio Móvil,,,"Calle Pinar de San José, 13 ",,,Calle,,Pinar de San José,número,13,,,11,CARABANCHEL,435295,4468443,40.36405652,-3.76208289,Lunes,Mañana,1716274800000,1716280200000,1716314723788,Esri_Madrid,1716314723788,Esri_Madrid,205
,Punto Limpio Móvil,,,"Avenida Plaza de Toros, 3 ",,,Avenida,,Plaza de Toros,número,3,,,11,CARABANCHEL,437399,4470811,40.38554646,-3.73753348,Viernes,Mañana,1716287400000,1716292800000,1716314723788,Esri_Madrid,1716314723788,Esri_Madrid,206
,Punto Limpio Móvil,,,"Calle San Braulio,  En la acera del Mercado Municipal de San Isidro, frente al número 3","En la acera del Mercado Municipal de San Isidro, frente al número 3",,Calle,,San Braulio,número,,,,11,CARABANCHEL,438469,4471471,40.39156704,-3.724995152,Miércoles,Tarde,1716300000000,1716305400000,1716314723788,Esri_Madrid,1716314723788,Esri_Madrid,207
,Punto Limpio Móvil,,,"Calle Toboso, 134 ",,,Calle,,Toboso,número,134,,,11,CARABANCHEL,437480,4471691,40.39348348,-3.736663419,Miércoles,Mañana,1716287400000,1716292800000,1716314723788,Esri_Madrid,1716314723788,Esri_Madrid,208
,Punto Limpio Móvil,,,"Calle Amparo Usera, 47 ",,,Calle,,Amparo Usera,número,47,,,12,USERA,440008,4470937,40.38687465,-3.706806586,Viernes,Mañana,1716293700000,1716299100000,1716314723788,Esri_Madrid,1716314723788,Esri_Madrid,209
,Punto Limpio Móvil,,,"Calle Antonio López, 246-248 ",,,Calle,,Antonio López,número,246-248,,,12,USERA,440926,4470378,40.38190628,-3.695938392,Viernes,Mañana,1716287400000,1716292800000,1716314723788,Esri_Madrid,1716314723788,Esri_Madrid,210
,Punto Limpio Móvil,,,"Calle Coníferas, 10 ",,,Calle,,Coníferas,número,10,,,12,USERA,441027,4468717,40.36694595,-3.694602542,Viernes,Tarde,1716318900000,1716324300000,1716314723788,Esri_Madrid,1716314723788,Esri_Madrid,211
,Punto Limpio Móvil,,,"Calle del Santuario,  Intersección con Calle Hijas de Jesús y Calle San Antonio de Padua",Intersección con Calle Hijas de Jesús y Calle San Antonio de Padua,,Calle,,del Santuario,número,,,,12,USERA,440572,4470721,40.38496415,-3.700148519,Martes,Tarde,1716300000000,1716305400000,1716314723788,Esri_Madrid,1716314723788,Esri_Madrid,212
,Punto Limpio Móvil,,,"Calle Dolores Barranco, 50 ",,,Calle,,Dolores Barranco,número,50,,,12,USERA,440003,4470544,40.38333013,-3.706829993,Martes,Tarde,1716306300000,1716311700000,1716314723788,Esri_Madrid,1716314723788,Esri_Madrid,213
,Punto Limpio Móvil,,,"Calle Estafeta, 20 Frente al número 7",Frente al número 7,,Calle,,Estafeta,número,20,,,12,USERA,441213,4469426,40.37334237,-3.692472821,Viernes,Tarde,1716312600000,1716318000000,1716314723788,Esri_Madrid,1716314723788,Esri_Madrid,214
,Punto Limpio Móvil,,,"Calle Gran Avenida, 31 ",,,Calle,,Gran Avenida,número,31,,,12,USERA,440045,4469024,40.36964168,-3.706191846,Viernes,Mañana,1716274800000,1716280200000,1716314723788,Esri_Madrid,1716314723788,Esri_Madrid,215
,Punto Limpio Móvil,,,"Calle Guetaria, 47 Intersección con Calle Villabona",Intersección con Calle Villabona,,Calle,,Guetaria,número,47,,,12,USERA,439253,4468975,40.36914712,-3.715520337,Martes,Mañana,1716274800000,1716280200000,1716314723788,Esri_Madrid,1716314723788,Esri_Madrid,216
,Punto Limpio Móvil,,,"Calle Manuel Noya, 15 ",,,Calle,,Manuel Noya,número,15,,,12,USERA,439532,4470930,40.38677762,-3.712415205,Martes,Tarde,1716318900000,1716324300000,1716314723788,Esri_Madrid,1716314723788,Esri_Madrid,217
,Punto Limpio Móvil,,,"Calle Mariblanca, 18-20 Entre los número 18 y 20",Entre los número 18 y 20,,Calle,,Mariblanca,número,18-20,,,12,USERA,440065,4471458,40.39157013,-3.706189993,Viernes,Tarde,1716300000000,1716305400000,1716314723788,Esri_Madrid,1716314723788,Esri_Madrid,218
,Punto Limpio Móvil,,,"Avenida Orcasur, 44 Intersección con Calle Arenas del Rey, junto al Centro de Salud","Intersección con Calle Arenas del Rey, junto al Centro de Salud",,Avenida,,Orcasur,número,44,,,12,USERA,440506,4468567,40.36555568,-3.700722153,Martes,Mañana,1716287400000,1716292800000,1716314723788,Esri_Madrid,1716314723788,Esri_Madrid,219
,Punto Limpio Móvil,,,"Calle Parque de la Paloma, 32 ",,,Calle,,Parque de la Paloma,número,32,,,12,USERA,439336,4470025,40.37860534,-3.714641117,Viernes,Mañana,1716281100000,1716286500000,1716314723788,Esri_Madrid,1716314723788,Esri_Madrid,220
,Punto Limpio Móvil,,,"Calle Periana, 6 ",,,Calle,,Periana,número,6,,,12,USERA,441543,4468873,40.36838731,-3.688532197,Martes,Mañana,1716293700000,1716299100000,1716314723788,Esri_Madrid,1716314723788,Esri_Madrid,221
,Punto Limpio Móvil,,,"Avenida Rafaela Ybarra, 20 ",,,Avenida,,Rafaela Ybarra,número,20,,,12,USERA,439616,4470396,40.38196732,-3.711373636,Martes,Tarde,1716312600000,1716318000000,1716314723788,Esri_Madrid,1716314723788,Esri_Madrid,222
,Punto Limpio Móvil,,,"Calle Simca, 4 Intersección con Calle Dodge",Intersección con Calle Dodge,,Calle,,Simca,número,4,,,12,USERA,439712,4468664,40.36637303,-3.710087199,Martes,Mañana,1716281100000,1716286500000,1716314723788,Esri_Madrid,1716314723788,Esri_Madrid,223
,Punto Limpio Móvil,,,"Calle Virgen de las Cruces, 2-4 ",,,Calle,,Virgen de las Cruces,número,2-4,,,12,USERA,441219,4469970,40.37825013,-3.692449994,Viernes,Tarde,1716306300000,1716311700000,1716314723788,Esri_Madrid,1716314723788,Esri_Madrid,224
,Punto Limpio Móvil,,,"Calle Andaluces, 9 ",,,Calle,,Andaluces,número,9,,,13,PUENTE VALLECAS,445969,4471231,40.38992802,-3.636609339,Martes,Mañana,1716293700000,1716299100000,1716314723788,Esri_Madrid,1716314723788,Esri_Madrid,225
,Punto Limpio Móvil,,,"Calle Arroyo del Olivar,  Intersección con Calle Martínez de la Riva, 18","Intersección con Calle Martínez de la Riva, 18",,Calle,,Arroyo del Olivar,número,,,,13,PUENTE VALLECAS,443463,4471710,40.39408233,-3.666178413,Jueves,Tarde,1716306300000,1716311700000,1716314723788,Esri_Madrid,1716314723788,Esri_Madrid,226
,Punto Limpio Móvil,,,"Calle Cooperativa Eléctrica, 18 ",,,Calle,,Cooperativa Eléctrica,número,18,,,13,PUENTE VALLECAS,443927,4469543,40.37459162,-3.660513091,Martes,Mañana,1716274800000,1716280200000,1716314723788,Esri_Madrid,1716314723788,Esri_Madrid,227
,Punto Limpio Móvil,,,"Avenida de Buenos Aires, 25 ",,,Avenida,,de Buenos Aires,número,25,,,13,PUENTE VALLECAS,444594,4470982,40.3875944,-3.652783229,Martes,Tarde,1716318900000,1716324300000,1716314723788,Esri_Madrid,1716314723788,Esri_Madrid,228
,Punto Limpio Móvil,,,"Avenida de Buenos Aires, 99 ",,,Avenida,,de Buenos Aires,número,99,,,13,PUENTE VALLECAS,444592,4470080,40.37947003,-3.65273719,Jueves,Mañana,1716293700000,1716299100000,1716314723788,Esri_Madrid,1716314723788,Esri_Madrid,229
,Punto Limpio Móvil,,,"Calle Diligencia, 22 Intersección con Calle la Violetera, frente al Vivero de Empresas","Intersección con Calle la Violetera, frente al Vivero de Empresas",,Calle,,Diligencia,número,22,,,13,PUENTE VALLECAS,444302,4470488,40.38313013,-3.656179994,Martes,Mañana,1716281100000,1716286500000,1716314723788,Esri_Madrid,1716314723788,Esri_Madrid,230
,Punto Limpio Móvil,,,"Calle Humanes, 27 ",,,Calle,,Humanes,número,27,,,13,PUENTE VALLECAS,445210,4471826,40.39524315,-3.645605693,Martes,Tarde,1716306300000,1716311700000,1716314723788,Esri_Madrid,1716314723788,Esri_Madrid,231
,Punto Limpio Móvil,,,"Calle Javier de Miguel, 40 ",,,Calle,,Javier de Miguel,número,40,,,13,PUENTE VALLECAS,443928,4470983,40.38756002,-3.660630692,Jueves,Tarde,1716312600000,1716318000000,1716314723788,Esri_Madrid,1716314723788,Esri_Madrid,232
,Punto Limpio Móvil,,,"Calle La Mancha, 2 ",,,Calle,,La Mancha,número,2,,,13,PUENTE VALLECAS,443184,4470315,40.38148977,-3.669341034,Sabado,Tarde,1716300000000,1716305400000,1716314723788,Esri_Madrid,1716314723788,Esri_Madrid,233
,Punto Limpio Móvil,,,"Calle Marismas, 24 ",,,Calle,,Marismas,número,24,,,13,PUENTE VALLECAS,444538,4472519,40.40144013,-3.653579994,Martes,Tarde,1716300000000,1716305400000,1716314723788,Esri_Madrid,1716314723788,Esri_Madrid,234
,Punto Limpio Móvil,,,"Calle Monleón, 2 ",,,Calle,,Monleón,número,2,,,13,PUENTE VALLECAS,444390,4471517,40.39240479,-3.655240189,Jueves,Tarde,1716300000000,1716305400000,1716314723788,Esri_Madrid,1716314723788,Esri_Madrid,235
,Punto Limpio Móvil,,,"Avenida Pablo Neruda, 89 ",,,Avenida,,Pablo Neruda,número,89,,,13,PUENTE VALLECAS,443966,4470271,40.38115207,-3.660117241,Sabado,Tarde,1716306300000,1716311700000,1716314723788,Esri_Madrid,1716314723788,Esri_Madrid,236
,Punto Limpio Móvil,,,"Avenida Rafael Alberti, 34 ",,,Avenida,,Rafael Alberti,número,34,,,13,PUENTE VALLECAS,445452,4470656,40.3847149,-3.642651544,Sabado,Tarde,1716312600000,1716318000000,1716314723788,Esri_Madrid,1716314723788,Esri_Madrid,237
,Punto Limpio Móvil,,,"Calle Rafael Fernández Hijicos, 32 ",,,Calle,,Rafael Fernández Hijicos,número,32,,,13,PUENTE VALLECAS,446071,4471283,40.39040013,-3.635409994,Martes,Tarde,1716312600000,1716318000000,1716314723788,Esri_Madrid,1716314723788,Esri_Madrid,238
,Punto Limpio Móvil,,,"Calle Ramírez Tomé, 38 ",,,Calle,,Ramírez Tomé,número,38,,,13,PUENTE VALLECAS,445128,4471110,40.38878583,-3.646501324,Jueves,Mañana,1716287400000,1716292800000,1716314723788,Esri_Madrid,1716314723788,Esri_Madrid,239
,Punto Limpio Móvil,,,"Calle Ruidera, 26 ",,,Calle,,Ruidera,número,26,,,13,PUENTE VALLECAS,442665,4470184,40.38027879,-3.675442596,Jueves,Tarde,1716318900000,1716324300000,1716314723788,Esri_Madrid,1716314723788,Esri_Madrid,240
,Punto Limpio Móvil,,,"Avenida San Diego, 78 Intersección con Calle Manuel Maroto",Intersección con Calle Manuel Maroto,,Avenida,,San Diego,número,78,,,13,PUENTE VALLECAS,443184,4471012,40.38777013,-3.669399994,Martes,Mañana,1716287400000,1716292800000,1716314723788,Esri_Madrid,1716314723788,Esri_Madrid,241
,Punto Limpio Móvil,,,"Avenida San Diego, 111 ",,,Avenida,,San Diego,número,111,,,13,PUENTE VALLECAS,443629,4470440,40.38265243,-3.664107653,Sabado,Mañana,1716293700000,1716299100000,1716314723788,Esri_Madrid,1716314723788,Esri_Madrid,242
,Punto Limpio Móvil,,,"Calle Santa Marta, 15 ",,,Calle,,Santa Marta,número,15,,,13,PUENTE VALLECAS,443822,4472671,40.40275803,-3.662025225,Jueves,Mañana,1716274800000,1716280200000,1716314723788,Esri_Madrid,1716314723788,Esri_Madrid,243
,Punto Limpio Móvil,,,"Camino Valderribas, 99 ",,,Camino,,Valderribas,número,99,,,13,PUENTE VALLECAS,443298,4472633,40.40237793,-3.668196679,Jueves,Mañana,1716281100000,1716286500000,1716314723788,Esri_Madrid,1716314723788,Esri_Madrid,244
,Punto Limpio Móvil,,,"Calle Camino de los Vinateros, 10-12 ",,,Calle,,Camino de los Vinateros,número,10-12,,,14,MORATALAZ,443962,4473544,40.41063083,-3.660460934,Viernes,Tarde,1716300000000,1716305400000,1716314723788,Esri_Madrid,1716314723788,Esri_Madrid,245
,Punto Limpio Móvil,,,"Calle Camino de Vinateros, 108 ",,,Calle,,Camino de Vinateros,número,108,,,14,MORATALAZ,445107,4473267,40.40821598,-3.646939656,Viernes,Mañana,1716287400000,1716292800000,1716314723788,Esri_Madrid,1716314723788,Esri_Madrid,246
,Punto Limpio Móvil,,,"Calle Camino de Vinateros, 63 ",,,Calle,,Camino de Vinateros,número,63,,,14,MORATALAZ,444685,4473515,40.41042488,-3.651935154,Viernes,Mañana,1716293700000,1716299100000,1716314723788,Esri_Madrid,1716314723788,Esri_Madrid,247
,Punto Limpio Móvil,,,"Avenida Doctor García Tapia, 135 ",,,Avenida,,Doctor García Tapia,número,135,,,14,MORATALAZ,445941,4473366,40.40915774,-3.63711767,Jueves,Tarde,1716312600000,1716318000000,1716314723788,Esri_Madrid,1716314723788,Esri_Madrid,248
,Punto Limpio Móvil,,,"Calle Encomienda de Palacios, 360 ",,,Calle,,Encomienda de Palacios,número,360,,,14,MORATALAZ,446155,4472002,40.39688953,-3.634478572,Viernes,Mañana,1716281100000,1716286500000,1716314723788,Esri_Madrid,1716314723788,Esri_Madrid,249
,Punto Limpio Móvil,,,"Calle Fuente Carrantona, 41 ",,,Calle,,Fuente Carrantona,número,41,,,14,MORATALAZ,446443,4473270,40.40832878,-3.631194585,Jueves,Tarde,1716318900000,1716324300000,1716314723788,Esri_Madrid,1716314723788,Esri_Madrid,250
,Punto Limpio Móvil,,,"Calle Hacienda de Pavones, 220 ",,,Calle,,Hacienda de Pavones,número,220,,,14,MORATALAZ,445687,4472498,40.40132224,-3.640043602,Viernes,Mañana,1716274800000,1716280200000,1716314723788,Esri_Madrid,1716314723788,Esri_Madrid,251
,Punto Limpio Móvil,,,"Calle Hacienda de Pavones, 72 ",,,Calle,,Hacienda de Pavones,número,72,,,14,MORATALAZ,445169,4472738,40.40345595,-3.646165909,Viernes,Mañana,1716281100000,1716286500000,1716314723788,Esri_Madrid,1716314723788,Esri_Madrid,252
,Punto Limpio Móvil,,,"Avenida Moratalaz, 39 ",,,Avenida,,Moratalaz,número,39,,,14,MORATALAZ,444112,4473200,40.40754695,-3.658655805,Viernes,Tarde,1716306300000,1716311700000,1716314723788,Esri_Madrid,1716314723788,Esri_Madrid,253
,Punto Limpio Móvil,,,"Calle Pico de Artilleros, 55 ",,,Calle,,Pico de Artilleros,número,55,,,14,MORATALAZ,445592,4472886,40.40481013,-3.641189994,Viernes,Tarde,1716312600000,1716318000000,1716314723788,Esri_Madrid,1716314723788,Esri_Madrid,254
,Punto Limpio Móvil,,,"Calle Tacona, 1 Intersección con Arroyo Fontarrón",Intersección con Arroyo Fontarrón,,Calle,,Tacona,número,1,,,14,MORATALAZ,445589,4471957,40.3964446,-3.641144577,Viernes,Tarde,1716318900000,1716324300000,1716314723788,Esri_Madrid,1716314723788,Esri_Madrid,255
,Punto Limpio Móvil,,,"Calle Valdebernardo, 45 ",,,Calle,,Valdebernardo,número,45,,,14,MORATALAZ,446384,4472738,40.40353147,-3.631848368,Viernes,Mañana,1716274800000,1716280200000,1716314723788,Esri_Madrid,1716314723788,Esri_Madrid,256
,Punto Limpio Móvil,,,"Calle Agastia, 42 Frente al número 42",Frente al número 42,,Calle,,Agastia,número,42,,,15,CIUDAD LINEAL,444793,4477415,40.44556187,-3.65100177,Lunes,Tarde,1716300000000,1716305400000,1716314723788,Esri_Madrid,1716314723788,Esri_Madrid,257
,Punto Limpio Móvil,,,"Calle Alcalá, 287 Intersección con Calle Buen Gobernador",Intersección con Calle Buen Gobernador,,Calle,,Alcalá,número,287,,,15,CIUDAD LINEAL,444506,4475947,40.43232013,-3.654259994,Martes,Tarde,1716306300000,1716311700000,1716314723788,Esri_Madrid,1716314723788,Esri_Madrid,258
,Punto Limpio Móvil,,,"Calle Arturo Soria, 242 ",,,Calle,,Arturo Soria,número,242,,,15,CIUDAD LINEAL,443589,4479647,40.46558716,-3.66539655,Lunes,Tarde,1716312600000,1716318000000,1716314723788,Esri_Madrid,1716314723788,Esri_Madrid,259
,Punto Limpio Móvil,,,"Calle Arturo Soria, 320 ",,,Calle,,Arturo Soria,número,320,,,15,CIUDAD LINEAL,443357,4481056,40.47826258,-3.668261241,Viernes,Mañana,1716287400000,1716292800000,1716314723788,Esri_Madrid,1716314723788,Esri_Madrid,260
,Punto Limpio Móvil,,,"Calle Cañas,  Frente al número 13",Frente al número 13,,Calle,,Cañas,número,,,,15,CIUDAD LINEAL,444088,4478794,40.45793674,-3.659440281,Lunes,Tarde,1716306300000,1716311700000,1716314723788,Esri_Madrid,1716314723788,Esri_Madrid,261
,Punto Limpio Móvil,,,"Calle Elfo, 55-57 ",,,Calle,,Elfo,número,55-57,,,15,CIUDAD LINEAL,444683,4476110,40.43380013,-3.652179994,Viernes,Tarde,1716306300000,1716311700000,1716314723788,Esri_Madrid,1716314723788,Esri_Madrid,262
,Punto Limpio Móvil,,,"Calle Ezequiel Solana, 73 ",,,Calle,,Ezequiel Solana,número,73,,,15,CIUDAD LINEAL,445454,4475511,40.42845615,-3.643037113,Martes,Tarde,1716318900000,1716324300000,1716314723788,Esri_Madrid,1716314723788,Esri_Madrid,263
,Punto Limpio Móvil,,,"Calle Gómez de Avellaneda, 14 ",,,Calle,,Gómez de Avellaneda,número,14,,,15,CIUDAD LINEAL,445480,4476101,40.43377013,-3.642789994,Lunes,Mañana,1716287400000,1716292800000,1716314723788,Esri_Madrid,1716314723788,Esri_Madrid,264
,Punto Limpio Móvil,,,"Calle Hermanos Machado,  Intersección con Calle Los Collados",Intersección con Calle Los Collados,,Calle,,Hermanos Machado,número,,,,15,CIUDAD LINEAL,444949,4475812,40.43113013,-3.649019994,Martes,Tarde,1716312600000,1716318000000,1716314723788,Esri_Madrid,1716314723788,Esri_Madrid,265
,Punto Limpio Móvil,,,"Avenida Hermanos García Noblejas, 158 ",,,Avenida,,Hermanos García Noblejas,número,158,,,15,CIUDAD LINEAL,446637,4475121,40.42501632,-3.629068666,Viernes,Tarde,1716318900000,1716324300000,1716314723788,Esri_Madrid,1716314723788,Esri_Madrid,266
,Punto Limpio Móvil,,,"Calle José del Hierro, 37 Intersección con Calle Rosalía Trujillo",Intersección con Calle Rosalía Trujillo,,Calle,,José del Hierro,número,37,,,15,CIUDAD LINEAL,445310,4476784,40.43991309,-3.64485179,Viernes,Tarde,1716300000000,1716305400000,1716314723788,Esri_Madrid,1716314723788,Esri_Madrid,267
,Punto Limpio Móvil,,,"Calle Julio Dánvila, 1 Frente al colegio",Frente al colegio,,Calle,,Julio Dánvila,número,1,,,15,CIUDAD LINEAL,443458,4480309,40.47154013,-3.666999994,Lunes,Tarde,1716318900000,1716324300000,1716314723788,Esri_Madrid,1716314723788,Esri_Madrid,268
,Punto Limpio Móvil,,,"Calle María Teresa Sáenz de Heredia, 44 ",,,Calle,,María Teresa Sáenz de Heredia,número,44,,,15,CIUDAD LINEAL,444790,4475198,40.4255882,-3.650847751,Viernes,Tarde,1716312600000,1716318000000,1716314723788,Esri_Madrid,1716314723788,Esri_Madrid,269
,Punto Limpio Móvil,,,"Calle San Marcelo, 6 ",,,Calle,,San Marcelo,número,6,,,15,CIUDAD LINEAL,444161,4475366,40.42706013,-3.658269994,Lunes,Mañana,1716274800000,1716280200000,1716314723788,Esri_Madrid,1716314723788,Esri_Madrid,270
,Punto Limpio Móvil,,,"Calle Santurce,  Intersección con Calle Luis Ruiz",Intersección con Calle Luis Ruiz,,Calle,,Santurce,número,,,,15,CIUDAD LINEAL,446077,4475366,40.42719013,-3.635689994,Lunes,Mañana,1716281100000,1716286500000,1716314723788,Esri_Madrid,1716314723788,Esri_Madrid,271
,Punto Limpio Móvil,,,"Calle Torrelaguna, 66 ",,,Calle,,Torrelaguna,número,66,,,15,CIUDAD LINEAL,444284,4477775,40.44877423,-3.657036057,Viernes,Mañana,1716293700000,1716299100000,1716314723788,Esri_Madrid,1716314723788,Esri_Madrid,272
,Punto Limpio Móvil,,,"Calle Virgen de África, 14 ",,,Calle,,Virgen de África,número,14,,,15,CIUDAD LINEAL,444534,4476616,40.43834992,-3.653981217,Lunes,Mañana,1716293700000,1716299100000,1716314723788,Esri_Madrid,1716314723788,Esri_Madrid,273
,Punto Limpio Móvil,,,"calle Abelias, 1 esquina Avda. Arces ",esquina Avda. Arces ,,calle,,Abelias,número,1,,,16,HORTALEZA,447020,4478148,40.4523108158298,-3.62479689737055,Jueves,Tarde,1716306300000,1716311700000,1716314723788,Esri_Madrid,1716314723788,Esri_Madrid,274
,Punto Limpio Móvil,,,"Avenida Celio Villalba,  Intersección con Calle Manizales",Intersección con Calle Manizales,,Avenida,,Celio Villalba,número,,,,16,HORTALEZA,446022,4480624,40.47455013,-3.636779994,Martes,Tarde,1716300000000,1716305400000,1716314723788,Esri_Madrid,1716314723788,Esri_Madrid,275
,Punto Limpio Móvil,,,"Calle Cuevas de la Almanzora, 18 ",,,Calle,,Cuevas de la Almanzora,número,18,,,16,HORTALEZA,444128,4480874,40.47667771,-3.659140563,Sabado,Mañana,1716287400000,1716292800000,1716314723788,Esri_Madrid,1716314723788,Esri_Madrid,276
,Punto Limpio Móvil,,,"Carretera de Canillas, 39 Intersección con Calle Andrés Obispo",Intersección con Calle Andrés Obispo,,Carretera,,de Canillas,número,39,,,16,HORTALEZA,445060,4479364,40.46314013,-3.648019994,Martes,Tarde,1716312600000,1716318000000,1716314723788,Esri_Madrid,1716314723788,Esri_Madrid,277
,Punto Limpio Móvil,,,"Calle Estíbaliz, 28 Intersección con Calle Pablo Serano",Intersección con Calle Pablo Serano,,Calle,,Estíbaliz,número,28,,,16,HORTALEZA,445059,4480153,40.47024013,-3.648099994,Jueves,Mañana,1716281100000,1716286500000,1716314723788,Esri_Madrid,1716314723788,Esri_Madrid,278
,Punto Limpio Móvil,,,"Avenida Francisco Pi y Margall, 72 ",,,Avenida,,Francisco Pi y Margall,número,72,,,16,HORTALEZA,444145,4482435,40.49074059,-3.659086913,Sabado,Mañana,1716293700000,1716299100000,1716314723788,Esri_Madrid,1716314723788,Esri_Madrid,279
,Punto Limpio Móvil,,,"Calle Luis Moya Blanco, 27 ",,,Calle,,Luis Moya Blanco,número,27,,,16,HORTALEZA,447765,4482999,40.49606013,-3.616409994,Sabado,Tarde,1716306300000,1716311700000,1716314723788,Esri_Madrid,1716314723788,Esri_Madrid,280
,Punto Limpio Móvil,,,"Avenida Madroños, 61 ",,,Avenida,,Madroños,número,61,,,16,HORTALEZA,446340,4478598,40.45632013,-3.632859994,Martes,Tarde,1716318900000,1716324300000,1716314723788,Esri_Madrid,1716314723788,Esri_Madrid,281
,Punto Limpio Móvil,,,"Calle Montearagón, 11 ",,,Calle,,Montearagón,número,11,,,16,HORTALEZA,444177,4479401,40.46341089,-3.658435542,Martes,Tarde,1716306300000,1716311700000,1716314723788,Esri_Madrid,1716314723788,Esri_Madrid,282
,Punto Limpio Móvil,,,"Calle Moscatelar, 35 ",,,Calle,,Moscatelar,número,35,,,16,HORTALEZA,445183,4478714,40.45729245,-3.646516762,Jueves,Mañana,1716287400000,1716292800000,1716314723788,Esri_Madrid,1716314723788,Esri_Madrid,283
,Punto Limpio Móvil,,,"Avenida Niceto Alcalá Zamora, 78 Intersección con Vicente Blasco Ibañez",Intersección con Vicente Blasco Ibañez,,Avenida,,Niceto Alcalá Zamora,número,78,,,16,HORTALEZA,444716,4483076,40.4965535,-3.652395738,Sabado,Tarde,1716300000000,1716305400000,1716314723788,Esri_Madrid,1716314723788,Esri_Madrid,284
,Punto Limpio Móvil,,,"Avenida Prunos, 44 Intersección con Avenida Arroyo del Santo",Intersección con Avenida Arroyo del Santo,,Avenida,,Prunos,número,44,,,16,HORTALEZA,447250,4478174,40.45255663,-3.622087825,Sabado,Mañana,1716281100000,1716286500000,1716314723788,Esri_Madrid,1716314723788,Esri_Madrid,285
,Punto Limpio Móvil,,,"Avenida San Luis, 27 ",,,Avenida,,San Luis,número,27,,,16,HORTALEZA,444307,4480241,40.47099013,-3.656979994,Jueves,Mañana,1716274800000,1716280200000,1716314723788,Esri_Madrid,1716314723788,Esri_Madrid,286
,Punto Limpio Móvil,,,"Calle Silvano, 97 Frente al número 97, intersección con Avenida Machupichu","Frente al número 97, intersección con Avenida Machupichu",,Calle,,Silvano,número,97,,,16,HORTALEZA,446183,4479298,40.46261384,-3.634768951,Jueves,Mañana,1716293700000,1716299100000,1716314723788,Esri_Madrid,1716314723788,Esri_Madrid,287
,Punto Limpio Móvil,,,"Camino Viejo de Burgos, 24 ",,,Camino,,Viejo de Burgos,número,24,,,16,HORTALEZA,446488,4481435,40.48188344,-3.63135024,Sabado,Tarde,1716312600000,1716318000000,1716314723788,Esri_Madrid,1716314723788,Esri_Madrid,288
,Punto Limpio Móvil,,,"Avenida Virgen del Carmen,  Acera impares, frente al número 84","Acera impares, frente al número 84",,Avenida,,Virgen del Carmen,número,,,,16,HORTALEZA,445107,4480737,40.47550565,-3.647589094,Sabado,Tarde,1716318900000,1716324300000,1716314723788,Esri_Madrid,1716314723788,Esri_Madrid,289
,Punto Limpio Móvil,,,"Paseo Alberto Palacios, 1 Intersección con Plaza Ágata",Intersección con Plaza Ágata,,Paseo,,Alberto Palacios,número,1,,,17,VILLAVERDE,439756,4466455,40.34647541,-3.709357091,Miércoles,Mañana,1716274800000,1716280200000,1716314723788,Esri_Madrid,1716314723788,Esri_Madrid,290
,Punto Limpio Móvil,,,"Paseo Alberto Palacios, 76 ",,,Paseo,,Alberto Palacios,número,76,,,17,VILLAVERDE,439229,4466149,40.34368355,-3.715528398,Miércoles,Mañana,1716281100000,1716286500000,1716314723788,Esri_Madrid,1716314723788,Esri_Madrid,291
,Punto Limpio Móvil,,,"Calle Arroyo de la Bulera,  Frente al número 11",Frente al número 11,,Calle,,Arroyo de la Bulera,número,,,,17,VILLAVERDE,442204,4465591,40.33887013,-3.680449994,Viernes,Mañana,1716293700000,1716299100000,1716314723788,Esri_Madrid,1716314723788,Esri_Madrid,292
,Punto Limpio Móvil,,,"Calle Berrocal, 14 ",,,Calle,,Berrocal,número,14,,,17,VILLAVERDE,442442,4466535,40.34739104,-3.677737378,Miércoles,Mañana,1716293700000,1716299100000,1716314723788,Esri_Madrid,1716314723788,Esri_Madrid,293
,Punto Limpio Móvil,,,"Calle Berrocal, 72 ",,,Calle,,Berrocal,número,72,,,17,VILLAVERDE,442647,4465842,40.34116319,-3.675264764,Viernes,Tarde,1716300000000,1716305400000,1716314723788,Esri_Madrid,1716314723788,Esri_Madrid,294
,Punto Limpio Móvil,,,"Calle Carmen de Burgos, 4 ",,,Calle,,Carmen de Burgos,número,4,,,17,VILLAVERDE,441841,4467654,40.35742549,-3.684914537,Viernes,Tarde,1716306300000,1716311700000,1716314723788,Esri_Madrid,1716314723788,Esri_Madrid,295
,Punto Limpio Móvil,,,"Calle Ciudadania, 6 ",,,Calle,,Ciudadania,número,6,,,17,VILLAVERDE,441214,4467553,40.35647756,-3.692286994,Miércoles,Tarde,1716300000000,1716305400000,1716314723788,Esri_Madrid,1716314723788,Esri_Madrid,296
,Punto Limpio Móvil,,,"Calle Godella,  Detrás del número 100, en la plaza frente al 116","Detrás del número 100, en la plaza frente al 116",,Calle,,Godella,número,,,,17,VILLAVERDE,441525,4465807,40.340762,-3.688466,Miércoles,Mañana,1716287400000,1716292800000,1716314723788,Esri_Madrid,1716314723788,Esri_Madrid,297
,Punto Limpio Móvil,,,"Calle la Canción del Olvido, 47 ",,,Calle,,la Canción del Olvido,número,47,,,17,VILLAVERDE,440576,4467618,40.35701013,-3.699809994,Viernes,Tarde,1716318900000,1716324300000,1716314723788,Esri_Madrid,1716314723788,Esri_Madrid,298
,Punto Limpio Móvil,,,"Calle La del Manojo de Rosas, 14 ",,,Calle,,La del Manojo de Rosas,número,14,,,17,VILLAVERDE,440769,4467935,40.35988379,-3.697565708,Miércoles,Tarde,1716312600000,1716318000000,1716314723788,Esri_Madrid,1716314723788,Esri_Madrid,299
,Punto Limpio Móvil,,,"Calle La del Manojo de Rosas, 95 ",,,Calle,,La del Manojo de Rosas,número,95,,,17,VILLAVERDE,440687,4467186,40.35313432,-3.698461892,Miércoles,Tarde,1716318900000,1716324300000,1716314723788,Esri_Madrid,1716314723788,Esri_Madrid,300
,Punto Limpio Móvil,,,"Calle Laguna Rodrigo, 7 ",,,Calle,,Laguna Rodrigo,número,7,,,17,VILLAVERDE,440014,4467024,40.35161857,-3.7063763,Viernes,Tarde,1716318900000,1716324300000,1716314723788,Esri_Madrid,1716314723788,Esri_Madrid,301
,Punto Limpio Móvil,,,"Avenida Rosales,  Intersección con Calle Tántalo",Intersección con Calle Tántalo,,Avenida,,Rosales,número,,,,17,VILLAVERDE,442294,4467199,40.35336013,-3.679539994,Viernes,Mañana,1716287400000,1716292800000,1716314723788,Esri_Madrid,1716314723788,Esri_Madrid,302
,Punto Limpio Móvil,,,"Calle Santa Petronila,  Intersección con Calle José del Pino",Intersección con Calle José del Pino,,Calle,,Santa Petronila,número,,,,17,VILLAVERDE,441210,4466913,40.35071212,-3.692274736,Viernes,Tarde,1716312600000,1716318000000,1716314723788,Esri_Madrid,1716314723788,Esri_Madrid,303
,Punto Limpio Móvil,,,"Calle Tertulia,  Intersección con Calle Círculo",Intersección con Calle Círculo,,Calle,,Tertulia,número,,,,17,VILLAVERDE,441157,4468197,40.36226806,-3.693017119,Miércoles,Tarde,1716306300000,1716311700000,1716314723788,Esri_Madrid,1716314723788,Esri_Madrid,304
,Punto Limpio Móvil,,,"Calle Embalse de Navacerrada,  Frente al número 50",Frente al número 50,,Calle,,Embalse de Navacerrada,número,,,,18,VILLA DE VALLECAS,448920,4468158,40.36243065,-3.601593679,Jueves,Mañana,1716293700000,1716299100000,1716314723788,Esri_Madrid,1716314723788,Esri_Madrid,305
,Punto Limpio Móvil,,,"Calle Enrique García Álvarez,  Frente al número 10",Frente al número 10,,Calle,,Enrique García Álvarez,número,,,,18,VILLA DE VALLECAS,447815,4470316,40.38180013,-3.614779994,Martes,Mañana,1716293700000,1716299100000,1716314723788,Esri_Madrid,1716314723788,Esri_Madrid,306
,Punto Limpio Móvil,,,"Paseo Federico García Lorca, 3 ",,,Paseo,,Federico García Lorca,número,3,,,18,VILLA DE VALLECAS,447286,4470053,40.37940569,-3.620995046,Jueves,Tarde,1716306300000,1716311700000,1716314723788,Esri_Madrid,1716314723788,Esri_Madrid,307
,Punto Limpio Móvil,,,"Calle Fuentespina, 10 ",,,Calle,,Fuentespina,número,10,,,18,VILLA DE VALLECAS,448482,4470052,40.37947013,-3.606899994,Martes,Tarde,1716300000000,1716305400000,1716314723788,Esri_Madrid,1716314723788,Esri_Madrid,308
,Punto Limpio Móvil,,,"Avenida Gavia, 14 ",,,Avenida,,Gavia,número,14,,,18,VILLA DE VALLECAS,448175,4469566,40.37507331,-3.610482743,Jueves,Tarde,1716312600000,1716318000000,1716314723788,Esri_Madrid,1716314723788,Esri_Madrid,309
,Punto Limpio Móvil,,,"Avenida Gran Vía del Suereste, 55 ",,,Avenida,,Gran Vía del Suereste,número,55,,,18,VILLA DE VALLECAS,449631,4467582,40.35728524,-3.59317915,Jueves,Mañana,1716274800000,1716280200000,1716314723788,Esri_Madrid,1716314723788,Esri_Madrid,310
,Punto Limpio Móvil,,,"Avenida Gran Vía del Suereste, 11 ",,,Avenida,,Gran Vía del Suereste,número,11,,,18,VILLA DE VALLECAS,450106,4468329,40.36404321,-3.587633913,Jueves,Mañana,1716281100000,1716286500000,1716314723788,Esri_Madrid,1716314723788,Esri_Madrid,311
,Punto Limpio Móvil,,,"Avenida Las Suertes,  Frente al número 67",Frente al número 67,,Avenida,,Las Suertes,número,,,,18,VILLA DE VALLECAS,449614,4468373,40.36441415,-3.593433734,Jueves,Mañana,1716287400000,1716292800000,1716314723788,Esri_Madrid,1716314723788,Esri_Madrid,312
,Punto Limpio Móvil,,,"Bulevar Naturaleza, 13 ",,,Bulevar,,Naturaleza,número,13,,,18,VILLA DE VALLECAS,446534,4469272,40.37232002,-3.629789046,Martes,Mañana,1716287400000,1716292800000,1716314723788,Esri_Madrid,1716314723788,Esri_Madrid,313
,Punto Limpio Móvil,,,"Calle Peñaranda de Bracamonte, 53 ",,,Calle,,Peñaranda de Bracamonte,número,53,,,18,VILLA DE VALLECAS,448130,4468637,40.366697,-3.61093895,Martes,Mañana,1716274800000,1716280200000,1716314723788,Esri_Madrid,1716314723788,Esri_Madrid,314
,Punto Limpio Móvil,,,"Calle Puentelarrá, 13 ",,,Calle,,Puentelarrá,número,13,,,18,VILLA DE VALLECAS,448281,4470386,40.38246707,-3.609304279,Jueves,Tarde,1716318900000,1716324300000,1716314723788,Esri_Madrid,1716314723788,Esri_Madrid,315
,Punto Limpio Móvil,,,"Calle Sierra Vieja, 1 ",,,Calle,,Sierra Vieja,número,1,,,18,VILLA DE VALLECAS,446556,4469822,40.37727079,-3.629576569,Jueves,Tarde,1716300000000,1716305400000,1716314723788,Esri_Madrid,1716314723788,Esri_Madrid,316
,Punto Limpio Móvil,,,"Avenida Villa de Vallecas, 13 ",,,Avenida,,Villa de Vallecas,número,13,,,18,VILLA DE VALLECAS,447453,4468963,40.36959542,-3.618936523,Martes,Mañana,1716281100000,1716286500000,1716314723788,Esri_Madrid,1716314723788,Esri_Madrid,317
,Punto Limpio Móvil,,,"Calle Abad Juan Catalán, 52-56 ",,,Calle,,Abad Juan Catalán,número,52-56,,,19,VICALVARO,449729,4473042,40.40648092,-3.592453479,Miércoles,Tarde,1716318900000,1716324300000,1716314723788,Esri_Madrid,1716314723788,Esri_Madrid,318
,Punto Limpio Móvil,,,"Avenida Blas de Lezo, 22 ",,,Avenida,,Blas de Lezo,número,22,,,19,VICALVARO,453115,4473036,40.4066246,-3.552546,Viernes,Mañana,1716293700000,1716298200000,1716314723788,Esri_Madrid,1716314723788,Esri_Madrid,319
,Punto Limpio Móvil,,,"Calle Casalarreina, 3 Intersección con Plaza de la Vicalvarada",Intersección con Plaza de la Vicalvarada,,Calle,,Casalarreina,número,3,,,19,VICALVARO,448194,4473379,40.409418,-3.610567255,Miércoles,Tarde,1716300000000,1716305400000,1716314723788,Esri_Madrid,1716314723788,Esri_Madrid,320
,Punto Limpio Móvil,,,"Calle Cordel de Pavones, 46 ",,,Calle,,Cordel de Pavones,número,46,,,19,VICALVARO,447409,4472099,40.39783703,-3.619708485,Jueves,Mañana,1716287400000,1716292800000,1716314723788,Esri_Madrid,1716314723788,Esri_Madrid,321
,Punto Limpio Móvil,,,"Bulevar Indalecio Prieto, 9 ",,,Bulevar,,Indalecio Prieto,número,9,,,19,VICALVARO,447398,4472699,40.40324833,-3.619895988,Jueves,Mañana,1716293700000,1716299100000,1716314723788,Esri_Madrid,1716314723788,Esri_Madrid,322
,Punto Limpio Móvil,,,"Calle Minerva,  Intersección con Calle Campo de la Torre, 19","Intersección con Calle Campo de la Torre, 19",,Calle,,Minerva,número,,,,19,VICALVARO,448630,4471993,40.39696013,-3.605319994,Jueves,Mañana,1716274800000,1716280200000,1716314723788,Esri_Madrid,1716314723788,Esri_Madrid,323
,Punto Limpio Móvil,,,"Calle Minerva, 7 ",,,Calle,,Minerva,número,7,,,19,VICALVARO,449254,4472752,40.40383525,-3.598022415,Miércoles,Tarde,1716312600000,1716318000000,1716314723788,Esri_Madrid,1716314723788,Esri_Madrid,324
,Punto Limpio Móvil,,,"Calle Pergamino,  Frente al número 30",Frente al número 30,,Calle,,Pergamino,número,,,,19,VICALVARO,447068,4471749,40.39466194,-3.623704718,Jueves,Mañana,1716281100000,1716286500000,1716314723788,Esri_Madrid,1716314723788,Esri_Madrid,325
,Punto Limpio Móvil,,,"Calle Villardondiego, 39-41 ",,,Calle,,Villardondiego,número,39-41,,,19,VICALVARO,448405,4472827,40.40445729,-3.60804054,Miércoles,Tarde,1716306300000,1716311700000,1716314723788,Esri_Madrid,1716314723788,Esri_Madrid,326
,Punto Limpio Móvil,,,"calle Albarracín, , 35 Edificio Ayuntamiento de Madrid",Edificio Ayuntamiento de Madrid,,calle,,"Albarracín, ",número,35,,,20,SAN BLAS - CANILLEJAS,446527,4475878,40.4318305270171,-3.63041864358532,Jueves,Mañana,1716293700000,1716299100000,1716314723788,Esri_Madrid,1716314723788,Esri_Madrid,327
,Punto Limpio Móvil,,,"Calle Albericia,  Intersección con Calle Arcos del Jalón",Intersección con Calle Arcos del Jalón,,Calle,,Albericia,número,,,,20,SAN BLAS - CANILLEJAS,447785,4475053,40.42447465,-3.615522535,Jueves,Tarde,1716306300000,1716311700000,1716314723788,Esri_Madrid,1716314723788,Esri_Madrid,328
,Punto Limpio Móvil,,,"Calle Boltaña, 20 ",,,Calle,,Boltaña,número,20,,,20,SAN BLAS - CANILLEJAS,447977,4477307,40.44479404,-3.613450944,Sabado,Mañana,1716281100000,1716286500000,1716314723788,Esri_Madrid,1716314723788,Esri_Madrid,329
,Punto Limpio Móvil,,,"Calle Carpintería,  Intersección con Calle Amposta",Intersección con Calle Amposta,,Calle,,Carpintería,número,,,,20,SAN BLAS - CANILLEJAS,447187,4475180,40.42558013,-3.622589994,Miércoles,Mañana,1716293700000,1716299100000,1716314723788,Esri_Madrid,1716314723788,Esri_Madrid,330
,Punto Limpio Móvil,,,"Calle Castillo de Uclés,  Intersección con Calle Castillo de Simancas y frente a Calle Yuncos, 1","Intersección con Calle Castillo de Simancas y frente a Calle Yuncos, 1",,Calle,,Castillo de Uclés,número,,,,20,SAN BLAS - CANILLEJAS,447136,4475688,40.43015635,-3.623234722,Miércoles,Mañana,1716281100000,1716286500000,1716314723788,Esri_Madrid,1716314723788,Esri_Madrid,331
,Punto Limpio Móvil,,,"Avenida Fermina Sevillano, 26 ",,,Avenida,,Fermina Sevillano,número,26,,,20,SAN BLAS - CANILLEJAS,451740,4477286,40.44483484,-3.56906922,Viernes,Mañana,1716274800000,1716280200000,1716314723788,Esri_Madrid,1716314723788,Esri_Madrid,332
,Punto Limpio Móvil,,,"Avenida Guadalajara,  Intersección con Calle San Román del Valle",Intersección con Calle San Román del Valle,,Avenida,,Guadalajara,número,,,,20,SAN BLAS - CANILLEJAS,447314,4474482,40.41929933,-3.621029333,Jueves,Tarde,1716300000000,1716305400000,1716314723788,Esri_Madrid,1716314723788,Esri_Madrid,333
,Punto Limpio Móvil,,,"Avenida Hellin, 17 ",,,Avenida,,Hellin,número,17,,,20,SAN BLAS - CANILLEJAS,447762,4475755,40.43080013,-3.615859994,Miércoles,Mañana,1716287400000,1716292800000,1716314723788,Esri_Madrid,1716314723788,Esri_Madrid,334
,Punto Limpio Móvil,,,"Avenida Hermanos García Noblejas, 1 ",,,Avenida,,Hermanos García Noblejas,número,1,,,20,SAN BLAS - CANILLEJAS,445922,4476537,40.43772165,-3.637609719,Miércoles,Mañana,1716274800000,1716280200000,1716314723788,Esri_Madrid,1716314723788,Esri_Madrid,335
,Punto Limpio Móvil,,,"Calle Nicolasa Gómez,  Frente al número 80",Frente al número 80,,Calle,,Nicolasa Gómez,número,,,,20,SAN BLAS - CANILLEJAS,448113,4476603,40.43846013,-3.611789994,Sabado,Mañana,1716287400000,1716292800000,1716314723788,Esri_Madrid,1716314723788,Esri_Madrid,336
,Punto Limpio Móvil,,,"Avenida Niza, 25 En el tramo de vía entre los números 13 y 25",En el tramo de vía entre los números 13 y 25,,Avenida,,Niza,número,25,,,20,SAN BLAS - CANILLEJAS,448518,4475431,40.42792648,-3.606913356,Jueves,Tarde,1716312600000,1716318000000,1716314723788,Esri_Madrid,1716314723788,Esri_Madrid,337
,Punto Limpio Móvil,,,"Avenida Segunda,  Frente al número 5 aproximadamente",Frente al número 5 aproximadamente,,Avenida,,Segunda,número,,,,20,SAN BLAS - CANILLEJAS,449598,4477580,40.44735399,-3.594355582,Viernes,Mañana,1716281100000,1716286500000,1716314723788,Esri_Madrid,1716314723788,Esri_Madrid,338
,Punto Limpio Móvil,,,"Calle Sofía,  Intersección con Calle Bélgica, 205","Intersección con Calle Bélgica, 205",,Calle,,Sofía,número,,,,20,SAN BLAS - CANILLEJAS,448969,4475577,40.42927013,-3.601609994,Jueves,Tarde,1716318900000,1716324300000,1716314723788,Esri_Madrid,1716314723788,Esri_Madrid,339
,Punto Limpio Móvil,,,"Calle Tampico, 79 ",,,Calle,,Tampico,número,79,,,20,SAN BLAS - CANILLEJAS,446094,4477316,40.44475344,-3.635651261,Sabado,Mañana,1716274800000,1716280200000,1716314723788,Esri_Madrid,1716314723788,Esri_Madrid,340
,Punto Limpio Móvil,,,"Paseo Alameda de Osuna, , 50 ",,,Paseo,,"Alameda de Osuna, ",número,50,,,21,BARAJAS,449316,4478388,40.4546115269435,-3.59774492487677,Jueves,Tarde,1716312600000,1716318000000,1716314723788,Esri_Madrid,1716314723788,Esri_Madrid,341
,Punto Limpio Móvil,,,"Calle Babilonia, 33 ",,,Calle,,Babilonia,número,33,,,21,BARAJAS,450420,4479808,40.46747627,-3.584841288,Jueves,Tarde,1716318900000,1716324300000,1716314723788,Esri_Madrid,1716314723788,Esri_Madrid,342
,Punto Limpio Móvil,,,"Calle Bahia de Cádiz, 32 ",,,Calle,,Bahia de Cádiz,número,32,,,21,BARAJAS,449612,4479406,40.46380544,-3.594330551,Jueves,Tarde,1716312600000,1716318000000,1716314723788,Esri_Madrid,1716314723788,Esri_Madrid,343
,Punto Limpio Móvil,,,"Avenida Logroño , 160-162 Entrada Residencial El Capricho",Entrada Residencial El Capricho,,Avenida,,Logroño ,número,160-162,,,21,BARAJAS,450664,4480634,40.4749331667577,-3.58202653065271,Jueves,Tarde,1716318900000,1716324300000,1716314723788,Esri_Madrid,1716314723788,Esri_Madrid,344
,Punto Limpio Móvil,,,"Avenida Manuel Fraga Iribarne, 35 ",,,Avenida,,Manuel Fraga Iribarne,número,35,,,21,BARAJAS,448402,4482129,40.48826013,-3.608829994,Jueves,Tarde,1716300000000,1716305400000,1716314723788,Esri_Madrid,1716314723788,Esri_Madrid,345
,Punto Limpio Móvil,,,"Plaza Mayor de Barajas, 19 ",,,Plaza,,Mayor de Barajas,número,19,,,21,BARAJAS,451060,4480473,40.47350059,-3.57734166,Martes,Mañana,1716293700000,1716299100000,1716314723788,Esri_Madrid,1716314723788,Esri_Madrid,346
,Punto Limpio Móvil,,,"Plaza Navío, 1 ",,,Plaza,,Navío,número,1,,,21,BARAJAS,450116,4478506,40.45572379,-3.588317484,Martes,Mañana,1716281100000,1716286500000,1716314723788,Esri_Madrid,1716314723788,Esri_Madrid,347
,Punto Limpio Móvil,,,"Calle Playa de Zarauz, 1 ",,,Calle,,Playa de Zarauz,número,1,,,21,BARAJAS,449780,4480454,40.47325425,-3.592435163,Jueves,Tarde,1716306300000,1716311700000,1716314723788,Esri_Madrid,1716314723788,Esri_Madrid,348
,Punto Limpio Móvil,,,"Calle Pradoluengo, 243 ",,,Calle,,Pradoluengo,número,243,,,21,BARAJAS,450648,4478009,40.45128409,-3.582005708,Martes,Mañana,1716274800000,1716280200000,1716314723788,Esri_Madrid,1716314723788,Esri_Madrid,349
,Punto Limpio Móvil,,,"calle Ribera del Sena, 21 esquina con Estrasburgo Edificio Ayuntamiento de Madrid",esquina con Estrasburgo Edificio Ayuntamiento de Madrid,,calle,,Ribera del Sena,número,21,,,21,BARAJAS,447632,4479217,40.4619759490284,-3.61767209392875,Jueves,Tarde,1716300000000,1716305400000,1716314723788,Esri_Madrid,1716314723788,Esri_Madrid,350
,Punto Limpio Móvil,,,"Calle Rioja, 27 ",,,Calle,,Rioja,número,27,,,21,BARAJAS,450374,4478971,40.45993074,-3.585311084,Martes,Mañana,1716287400000,1716292800000,1716314723788,Esri_Madrid,1716314723788,Esri_Madrid,351
